ts,Consumo_kWh
2023-04-27 01:00:00,27.535782340939154
2023-04-27 02:00:00,27.507529129572692
2023-04-27 03:00:00,27.490708157012083
2023-04-27 04:00:00,27.48894357145021
2023-04-27 05:00:00,27.553154783414257
2023-04-27 06:00:00,26.573648078269056
2023-04-27 07:00:00,27.197199104786854
2023-04-27 08:00:00,34.90710216671298
2023-04-27 09:00:00,54.954237602294825
2023-04-27 10:00:00,55.94575458951465
2023-04-27 11:00:00,56.66951040798591
2023-04-27 12:00:00,56.803793433717345
2023-04-27 13:00:00,56.69619474361235
2023-04-27 14:00:00,56.91717320338892
2023-04-27 15:00:00,56.52730621895938
2023-04-27 16:00:00,51.90848802787907
2023-04-27 17:00:00,49.90007226376755
2023-04-27 18:00:00,49.261270948935135
2023-04-27 19:00:00,43.21991783694269
2023-04-27 20:00:00,29.861941600198076
2023-04-27 21:00:00,28.730820402979386
2023-04-27 22:00:00,28.38467494065156
2023-04-27 23:00:00,28.26691871039258
2023-04-28 00:00:00,25.63584911272805
2023-04-28 01:00:00,25.63735144124263
2023-04-28 02:00:00,25.60644188074825
2023-04-28 03:00:00,25.59677218609986
2023-04-28 04:00:00,25.614140901634116
2023-04-28 05:00:00,25.659903316969082
2023-04-28 06:00:00,27.069052248819187
2023-04-28 07:00:00,27.628627302180785
2023-04-28 08:00:00,34.32310488895947
2023-04-28 09:00:00,51.784759618844475
2023-04-28 10:00:00,52.634465023704905
2023-04-28 11:00:00,52.96794153465441
2023-04-28 12:00:00,52.97672392220373
2023-04-28 13:00:00,52.775289073272624
2023-04-28 14:00:00,52.66615681074152
2023-04-28 15:00:00,50.61032251348969
2023-04-28 16:00:00,41.59342972728483
2023-04-28 17:00:00,40.0541885373403
2023-04-28 18:00:00,39.88908648739994
2023-04-28 19:00:00,37.10107799656841
2023-04-28 20:00:00,27.977850933438344
2023-04-28 21:00:00,26.296158249864508
2023-04-28 22:00:00,25.944990461094882
2023-04-28 23:00:00,25.884372455595496
2023-04-29 00:00:00,25.135063898021194
2023-04-29 01:00:00,25.12952515664093
2023-04-29 02:00:00,25.079602051625134
2023-04-29 03:00:00,25.076342035095124
2023-04-29 04:00:00,25.04509848064975
2023-04-29 05:00:00,25.054146861188897
2023-04-29 06:00:00,25.40282580000121
2023-04-29 07:00:00,25.431795794060584
2023-04-29 08:00:00,25.562499793502564
2023-04-29 09:00:00,25.73050356538638
2023-04-29 10:00:00,26.528465770446356
2023-04-29 11:00:00,26.619066483705012
2023-04-29 12:00:00,26.569257206969294
2023-04-29 13:00:00,26.167640116491906
2023-04-29 14:00:00,25.92242113510914
2023-04-29 15:00:00,25.806522457653376
2023-04-29 16:00:00,25.778148444154855
2023-04-29 17:00:00,25.89819096720436
2023-04-29 18:00:00,25.76684112636226
2023-04-29 19:00:00,30.86719924138542
2023-04-29 20:00:00,26.47396257486447
2023-04-29 21:00:00,25.633038835418482
2023-04-29 22:00:00,25.340084486939894
2023-04-29 23:00:00,25.311760888184974
2023-04-30 00:00:00,25.78489719817235
2023-04-30 01:00:00,25.780617983624857
2023-04-30 02:00:00,25.74296358910609
2023-04-30 03:00:00,25.729199474978905
2023-04-30 04:00:00,25.673131602294298
2023-04-30 05:00:00,25.596007108895463
2023-04-30 06:00:00,25.953271852401876
2023-04-30 07:00:00,25.97161066974401
2023-04-30 08:00:00,26.029441353816505
2023-04-30 09:00:00,26.227755000879714
2023-04-30 10:00:00,27.077601425645415
2023-04-30 11:00:00,27.13837724626928
2023-04-30 12:00:00,27.032700355979557
2023-04-30 13:00:00,26.66012417947995
2023-04-30 14:00:00,26.480560452422818
2023-04-30 15:00:00,26.48697946380583
2023-04-30 16:00:00,26.612406234132827
2023-04-30 17:00:00,26.723778478347356
2023-04-30 18:00:00,26.4883886666376
2023-04-30 19:00:00,27.136824831928887
2023-04-30 20:00:00,26.31279522947547
2023-04-30 21:00:00,26.255683017337876
2023-04-30 22:00:00,26.07526508199628
2023-04-30 23:00:00,26.039493273170375
2023-05-01 00:00:00,25.227183497777983
2023-05-01 01:00:00,25.227183497777983
2023-05-01 02:00:00,25.167133596658314
2023-05-01 03:00:00,25.15962058119256
2023-05-01 04:00:00,25.120114399603235
2023-05-01 05:00:00,25.03990936886258
2023-05-01 06:00:00,26.794794337834727
2023-05-01 07:00:00,26.81311406141034
2023-05-01 08:00:00,26.860908487219323
2023-05-01 09:00:00,27.57894232915315
2023-05-01 10:00:00,28.218712605482448
2023-05-01 11:00:00,28.31186870682975
2023-05-01 12:00:00,28.258313025884302
2023-05-01 13:00:00,28.151831207502948
2023-05-01 14:00:00,28.18453083820886
2023-05-01 15:00:00,28.239160991659755
2023-05-01 16:00:00,28.7254228757475
2023-05-01 17:00:00,29.09270399639726
2023-05-01 18:00:00,29.087464611057815
2023-05-01 19:00:00,33.51628576104403
2023-05-01 20:00:00,26.144750114127856
2023-05-01 21:00:00,25.905877620257385
2023-05-01 22:00:00,25.669487979710777
2023-05-01 23:00:00,25.625407138925677
2023-05-02 00:00:00,25.54844529285509
2023-05-02 01:00:00,25.544166078307597
2023-05-02 02:00:00,25.47564076533225
2023-05-02 03:00:00,25.46701851237219
2023-05-02 04:00:00,25.45403296463626
2023-05-02 05:00:00,25.468962012519956
2023-05-02 06:00:00,25.10847055297978
2023-05-02 07:00:00,25.606462086649408
2023-05-02 08:00:00,32.41661288481156
2023-05-02 09:00:00,43.07069809744332
2023-05-02 10:00:00,43.09804175017344
2023-05-02 11:00:00,43.354132100622785
2023-05-02 12:00:00,43.32827819991735
2023-05-02 13:00:00,43.320878573578156
2023-05-02 14:00:00,43.46254287975398
2023-05-02 15:00:00,43.3304855423831
2023-05-02 16:00:00,43.788122592616325
2023-05-02 17:00:00,43.469725472296595
2023-05-02 18:00:00,43.43502704619857
2023-05-02 19:00:00,36.655100891817504
2023-05-02 20:00:00,27.565089710802315
2023-05-02 21:00:00,26.6296782024158
2023-05-02 22:00:00,26.388478969009366
2023-05-02 23:00:00,26.254545886445587
2023-05-03 00:00:00,26.059988599982535
2023-05-03 01:00:00,26.054104993852377
2023-05-03 02:00:00,25.99564484469622
2023-05-03 03:00:00,25.98924126834518
2023-05-03 04:00:00,25.991035994511417
2023-05-03 05:00:00,26.093249627093623
2023-05-03 06:00:00,26.31233466951723
2023-05-03 07:00:00,26.95711285486496
2023-05-03 08:00:00,34.471084007809885
2023-05-03 09:00:00,60.90152835818334
2023-05-03 10:00:00,62.735111768445655
2023-05-03 11:00:00,63.84372553600114
2023-05-03 12:00:00,64.20704335288924
2023-05-03 13:00:00,64.17758814904319
2023-05-03 14:00:00,64.4365506552017
2023-05-03 15:00:00,64.57385394965048
2023-05-03 16:00:00,61.86140649319393
2023-05-03 17:00:00,59.1901157801041
2023-05-03 18:00:00,58.19946240271876
2023-05-03 19:00:00,44.46350359108551
2023-05-03 20:00:00,29.463197340126708
2023-05-03 21:00:00,27.45006344638307
2023-05-03 22:00:00,27.081919655259636
2023-05-03 23:00:00,26.952849025937315
2023-05-04 00:00:00,25.183752782447364
2023-05-04 01:00:00,25.18078309920072
2023-05-04 02:00:00,25.096594017687206
2023-05-04 03:00:00,25.083997005125482
2023-05-04 04:00:00,25.118061521091242
2023-05-04 05:00:00,25.206165957922927
2023-05-04 06:00:00,25.819942482255588
2023-05-04 07:00:00,26.527269269084165
2023-05-04 08:00:00,34.36373531309108
2023-05-04 09:00:00,59.333674193004306
2023-05-04 10:00:00,61.545805651726944
2023-05-04 11:00:00,62.59938272695851
2023-05-04 12:00:00,63.02673920655127
2023-05-04 13:00:00,63.00423547333297
2023-05-04 14:00:00,63.22065066692312
2023-05-04 15:00:00,63.19131008841447
2023-05-04 16:00:00,60.55670853850124
2023-05-04 17:00:00,57.785872070106954
2023-05-04 18:00:00,56.8939998542607
2023-05-04 19:00:00,44.45117990981235
2023-05-04 20:00:00,29.221142920942587
2023-05-04 21:00:00,26.857686645612354
2023-05-04 22:00:00,26.361128764603603
2023-05-04 23:00:00,26.24812399138933
2023-05-05 00:00:00,24.35059522379784
2023-05-05 01:00:00,24.354244482083214
2023-05-05 02:00:00,24.25726113227256
2023-05-05 03:00:00,24.259332530712545
2023-05-05 04:00:00,24.255519773721833
2023-05-05 05:00:00,24.326315099313895
2023-05-05 06:00:00,24.718513621795843
2023-05-05 07:00:00,25.553893335689356
2023-05-05 08:00:00,33.46408128024106
2023-05-05 09:00:00,57.27402178809397
2023-05-05 10:00:00,58.837627465069666
2023-05-05 11:00:00,59.60707141128996
2023-05-05 12:00:00,59.84564331493549
2023-05-05 13:00:00,59.541072139303445
2023-05-05 14:00:00,59.655921162484915
2023-05-05 15:00:00,57.72423112950832
2023-05-05 16:00:00,47.50200400045052
2023-05-05 17:00:00,45.49203134472075
2023-05-05 18:00:00,45.114652810104914
2023-05-05 19:00:00,37.26883081528935
2023-05-05 20:00:00,28.02226897467669
2023-05-05 21:00:00,25.432654542638236
2023-05-05 22:00:00,25.026882534959267
2023-05-05 23:00:00,24.907854189648052
2023-05-06 00:00:00,25.27057797857888
2023-05-06 01:00:00,25.266587534377827
2023-05-06 02:00:00,25.17764645729417
2023-05-06 03:00:00,25.158725890125424
2023-05-06 04:00:00,25.121095519928094
2023-05-06 05:00:00,25.13983187459619
2023-05-06 06:00:00,25.258372271954936
2023-05-06 07:00:00,25.338890330709603
2023-05-06 08:00:00,25.519669404589838
2023-05-06 09:00:00,25.814247324360203
2023-05-06 10:00:00,26.88506823358338
2023-05-06 11:00:00,27.057048869373904
2023-05-06 12:00:00,27.00030619510519
2023-05-06 13:00:00,26.47376787274968
2023-05-06 14:00:00,26.312779263700907
2023-05-06 15:00:00,26.144644126000372
2023-05-06 16:00:00,26.20849099435636
2023-05-06 17:00:00,26.266099706633632
2023-05-06 18:00:00,26.23195177346698
2023-05-06 19:00:00,33.83092966819034
2023-05-06 20:00:00,27.485103468966706
2023-05-06 21:00:00,26.469442510093202
2023-05-06 22:00:00,26.011800620613144
2023-05-06 23:00:00,25.945267460109896
2023-05-07 00:00:00,24.052050734138728
2023-05-07 01:00:00,24.047771519591237
2023-05-07 02:00:00,23.993742079806037
2023-05-07 03:00:00,23.98637037182762
2023-05-07 04:00:00,23.907965960201683
2023-05-07 05:00:00,23.8105224712496
2023-05-07 06:00:00,23.937791268124055
2023-05-07 07:00:00,23.938349030001294
2023-05-07 08:00:00,23.920934994050956
2023-05-07 09:00:00,24.118937158410084
2023-05-07 10:00:00,25.301081877641355
2023-05-07 11:00:00,25.370824525414807
2023-05-07 12:00:00,25.172835548005985
2023-05-07 13:00:00,24.566103121731484
2023-05-07 14:00:00,24.354814077668024
2023-05-07 15:00:00,24.361435656626192
2023-05-07 16:00:00,24.568988600170922
2023-05-07 17:00:00,24.715918437124422
2023-05-07 18:00:00,24.50004278372433
2023-05-07 19:00:00,26.156688605468062
2023-05-07 20:00:00,24.724609648833457
2023-05-07 21:00:00,24.38745010140025
2023-05-07 22:00:00,24.235439720004425
2023-05-07 23:00:00,24.189697846656443
2023-05-08 00:00:00,24.936375182427334
2023-05-08 01:00:00,24.94376111707207
2023-05-08 02:00:00,24.892810220109336
2023-05-08 03:00:00,24.888294168123632
2023-05-08 04:00:00,24.89307165434867
2023-05-08 05:00:00,24.874720997320406
2023-05-08 06:00:00,24.903417072255916
2023-05-08 07:00:00,25.44904673223354
2023-05-08 08:00:00,32.363605757881736
2023-05-08 09:00:00,43.947105240658104
2023-05-08 10:00:00,44.524497253173365
2023-05-08 11:00:00,44.680625946505884
2023-05-08 12:00:00,44.684732288864474
2023-05-08 13:00:00,44.67035554527843
2023-05-08 14:00:00,44.72580601598196
2023-05-08 15:00:00,44.74999068742306
2023-05-08 16:00:00,45.567004919023624
2023-05-08 17:00:00,45.25053487090838
2023-05-08 18:00:00,44.9954428361312
2023-05-08 19:00:00,36.74480254468713
2023-05-08 20:00:00,26.67251485601569
2023-05-08 21:00:00,25.43653009973732
2023-05-08 22:00:00,25.116552013198508
2023-05-08 23:00:00,25.03557589066196
2023-05-09 00:00:00,25.218622254612185
2023-05-09 01:00:00,25.21539880352385
2023-05-09 02:00:00,25.147494992900146
2023-05-09 03:00:00,25.1115983116076
2023-05-09 04:00:00,25.135871676353347
2023-05-09 05:00:00,25.25183040380174
2023-05-09 06:00:00,24.970960638356456
2023-05-09 07:00:00,25.94307942526481
2023-05-09 08:00:00,34.53762265777232
2023-05-09 09:00:00,59.854451949557784
2023-05-09 10:00:00,61.92148009019637
2023-05-09 11:00:00,62.80795843247269
2023-05-09 12:00:00,63.21000861896091
2023-05-09 13:00:00,63.06110121195626
2023-05-09 14:00:00,63.11119035055394
2023-05-09 15:00:00,62.92923150201922
2023-05-09 16:00:00,59.965857381483815
2023-05-09 17:00:00,57.922959319640015
2023-05-09 18:00:00,56.94612833268514
2023-05-09 19:00:00,44.21859585005328
2023-05-09 20:00:00,28.795579443815296
2023-05-09 21:00:00,26.147560615545142
2023-05-09 22:00:00,25.761044777311927
2023-05-09 23:00:00,25.676484756053156
2023-05-10 00:00:00,25.328696304832597
2023-05-10 01:00:00,25.325472853744262
2023-05-10 02:00:00,25.277825668732316
2023-05-10 03:00:00,25.29122053722436
2023-05-10 04:00:00,25.344360699014345
2023-05-10 05:00:00,25.439623805639968
2023-05-10 06:00:00,26.09081739009718
2023-05-10 07:00:00,26.853297046898607
2023-05-10 08:00:00,34.825863191669995
2023-05-10 09:00:00,60.56974634340435
2023-05-10 10:00:00,62.98682162855289
2023-05-10 11:00:00,63.87010393543861
2023-05-10 12:00:00,64.25699696975016
2023-05-10 13:00:00,64.01696780881386
2023-05-10 14:00:00,63.99095306225775
2023-05-10 15:00:00,63.90654755532771
2023-05-10 16:00:00,61.462965311279646
2023-05-10 17:00:00,59.12313544421161
2023-05-10 18:00:00,58.02542196558613
2023-05-10 19:00:00,44.11600638244158
2023-05-10 20:00:00,28.792112893263383
2023-05-10 21:00:00,26.457627365795222
2023-05-10 22:00:00,25.976544000814265
2023-05-10 23:00:00,25.889110267101827
2023-05-11 00:00:00,25.984096842326863
2023-05-11 01:00:00,25.98087339123853
2023-05-11 02:00:00,25.933226206226582
2023-05-11 03:00:00,25.94146743205593
2023-05-11 04:00:00,25.97932220683541
2023-05-11 05:00:00,26.100982297761536
2023-05-11 06:00:00,27.3727755707194
2023-05-11 07:00:00,27.995562687069818
2023-05-11 08:00:00,34.781674397906905
2023-05-11 09:00:00,60.47811618523769
2023-05-11 10:00:00,63.137667522664685
2023-05-11 11:00:00,64.20704668911476
2023-05-11 12:00:00,64.5162766736369
2023-05-11 13:00:00,64.32459043137119
2023-05-11 14:00:00,64.27029171298268
2023-05-11 15:00:00,63.939121657517816
2023-05-11 16:00:00,60.81528067079521
2023-05-11 17:00:00,57.86935512059456
2023-05-11 18:00:00,56.95821300802934
2023-05-11 19:00:00,44.361002324055065
2023-05-11 20:00:00,29.438607874531392
2023-05-11 21:00:00,27.243352225702292
2023-05-11 22:00:00,26.73635451366065
2023-05-11 23:00:00,26.652161612056876
2023-05-12 00:00:00,25.641552956271145
2023-05-12 01:00:00,25.63832950518281
2023-05-12 02:00:00,25.5929918626857
2023-05-12 03:00:00,25.596009970163514
2023-05-12 04:00:00,25.641630881353134
2023-05-12 05:00:00,25.765200206692064
2023-05-12 06:00:00,27.21816920169427
2023-05-12 07:00:00,27.811311596612068
2023-05-12 08:00:00,34.36622605012433
2023-05-12 09:00:00,58.85411910952991
2023-05-12 10:00:00,60.49115579371152
2023-05-12 11:00:00,61.125061772000755
2023-05-12 12:00:00,61.39979427378138
2023-05-12 13:00:00,61.010584449811795
2023-05-12 14:00:00,60.90657881086904
2023-05-12 15:00:00,58.749722379871976
2023-05-12 16:00:00,48.542730263645815
2023-05-12 17:00:00,46.41243171704996
2023-05-12 18:00:00,45.95833438541981
2023-05-12 19:00:00,37.4800964283612
2023-05-12 20:00:00,28.595147736607156
2023-05-12 21:00:00,26.38521413412154
2023-05-12 22:00:00,25.87582786582747
2023-05-12 23:00:00,25.811560471474145
2023-05-13 00:00:00,25.95079125792843
2023-05-13 01:00:00,25.946800813727375
2023-05-13 02:00:00,25.914411800815
2023-05-13 03:00:00,25.916060650686443
2023-05-13 04:00:00,25.886410097200432
2023-05-13 05:00:00,25.86365116812725
2023-05-13 06:00:00,26.38925732763265
2023-05-13 07:00:00,26.46255697754828
2023-05-13 08:00:00,26.600500478049174
2023-05-13 09:00:00,26.66377048262116
2023-05-13 10:00:00,27.368298862880376
2023-05-13 11:00:00,27.419844201632785
2023-05-13 12:00:00,27.31450038452401
2023-05-13 13:00:00,26.65174499196547
2023-05-13 14:00:00,26.371590016275324
2023-05-13 15:00:00,26.155190647374233
2023-05-13 16:00:00,26.041484374864144
2023-05-13 17:00:00,26.171910663402354
2023-05-13 18:00:00,26.065656118430596
2023-05-13 19:00:00,32.951171539553684
2023-05-13 20:00:00,26.869101280010437
2023-05-13 21:00:00,26.08208451461795
2023-05-13 22:00:00,25.782959128233287
2023-05-13 23:00:00,25.727271138306083
2023-05-14 00:00:00,24.867369136128758
2023-05-14 01:00:00,24.863089921581267
2023-05-14 02:00:00,24.81850420450413
2023-05-14 03:00:00,24.804740090376946
2023-05-14 04:00:00,24.749043673171307
2023-05-14 05:00:00,24.65622571670637
2023-05-14 06:00:00,24.67893280377301
2023-05-14 07:00:00,24.679490565650248
2023-05-14 08:00:00,24.667326440174467
2023-05-14 09:00:00,24.80549543505526
2023-05-14 10:00:00,25.711379365240145
2023-05-14 11:00:00,25.767522466270403
2023-05-14 12:00:00,25.595817779212798
2023-05-14 13:00:00,24.969288197114427
2023-05-14 14:00:00,24.679152633368727
2023-05-14 15:00:00,24.649375733256925
2023-05-14 16:00:00,24.865015612464845
2023-05-14 17:00:00,25.03303199297331
2023-05-14 18:00:00,24.84402435156242
2023-05-14 19:00:00,26.421284953373025
2023-05-14 20:00:00,25.0580100716214
2023-05-14 21:00:00,24.959429121036298
2023-05-14 22:00:00,24.724316671662592
2023-05-14 23:00:00,24.67320641819819
2023-05-15 00:00:00,24.566799397499697
2023-05-15 01:00:00,24.574185332144435
2023-05-15 02:00:00,24.535553183541836
2023-05-15 03:00:00,24.531037131556133
2023-05-15 04:00:00,24.528531069377177
2023-05-15 05:00:00,24.532417975845256
2023-05-15 06:00:00,26.028480581854698
2023-05-15 07:00:00,26.530590242000184
2023-05-15 08:00:00,32.669923670844824
2023-05-15 09:00:00,43.92478298720508
2023-05-15 10:00:00,44.388679646333614
2023-05-15 11:00:00,44.564408890056676
2023-05-15 12:00:00,44.568515232415265
2023-05-15 13:00:00,44.44015074778082
2023-05-15 14:00:00,44.48445523490211
2023-05-15 15:00:00,44.42553781112637
2023-05-15 16:00:00,45.03668837744845
2023-05-15 17:00:00,44.73193456408692
2023-05-15 18:00:00,44.56965516933439
2023-05-15 19:00:00,36.4548923676164
2023-05-15 20:00:00,26.588226778157562
2023-05-15 21:00:00,25.480722086589257
2023-05-15 22:00:00,25.17930163523677
2023-05-15 23:00:00,25.12314682366276
2023-05-16 00:00:00,26.32650561634174
2023-05-16 01:00:00,26.323282165253403
2023-05-16 02:00:00,26.275634980241456
2023-05-16 03:00:00,26.28902984873349
2023-05-16 04:00:00,26.329840819770006
2023-05-16 05:00:00,26.4624583224843
2023-05-16 06:00:00,27.543407721183875
2023-05-16 07:00:00,28.213715670941866
2023-05-16 08:00:00,35.021738878929696
2023-05-16 09:00:00,60.99627153171312
2023-05-16 10:00:00,63.76866335148267
2023-05-16 11:00:00,64.60339704119679
2023-05-16 12:00:00,64.97156477729338
2023-05-16 13:00:00,64.77590854963957
2023-05-16 14:00:00,64.72106499358242
2023-05-16 15:00:00,64.45895749932629
2023-05-16 16:00:00,62.17609546421421
2023-05-16 17:00:00,59.84018339926747
2023-05-16 18:00:00,58.66480666793507
2023-05-16 19:00:00,44.399216332477266
2023-05-16 20:00:00,29.291210019184398
2023-05-16 21:00:00,27.08890508139231
2023-05-16 22:00:00,26.565691194694494
2023-05-16 23:00:00,26.503729748938202
2023-05-17 00:00:00,26.16776258515051
2023-05-17 01:00:00,26.164539134062174
2023-05-17 02:00:00,26.160901504749255
2023-05-17 03:00:00,26.159381802813204
2023-05-17 04:00:00,26.241600348929442
2023-05-17 05:00:00,26.32788132038419
2023-05-17 06:00:00,26.749840256035256
2023-05-17 07:00:00,27.362750127295907
2023-05-17 08:00:00,34.62724487268079
2023-05-17 09:00:00,59.844054005739295
2023-05-17 10:00:00,62.314054647617795
2023-05-17 11:00:00,63.554268247362195
2023-05-17 12:00:00,63.92059206661066
2023-05-17 13:00:00,63.712667678618836
2023-05-17 14:00:00,63.75573607918344
2023-05-17 15:00:00,63.61291091912196
2023-05-17 16:00:00,60.189070904790995
2023-05-17 17:00:00,58.12742257038035
2023-05-17 18:00:00,57.214626383283765
2023-05-17 19:00:00,43.680372353175684
2023-05-17 20:00:00,28.564669339622434
2023-05-17 21:00:00,26.32247527322633
2023-05-17 22:00:00,25.893197136569192
2023-05-17 23:00:00,25.791392644841405
2023-05-18 00:00:00,25.682718526005132
2023-05-18 01:00:00,25.68422085451971
2023-05-18 02:00:00,25.660764796781194
2023-05-18 03:00:00,25.656960631901395
2023-05-18 04:00:00,25.664888326841485
2023-05-18 05:00:00,25.69547139245589
2023-05-18 06:00:00,26.270650272441387
2023-05-18 07:00:00,26.992496777162145
2023-05-18 08:00:00,34.525300662111675
2023-05-18 09:00:00,55.294698946930076
2023-05-18 10:00:00,57.13884286892393
2023-05-18 11:00:00,57.73883309496492
2023-05-18 12:00:00,57.74054231409343
2023-05-18 13:00:00,57.58096867187378
2023-05-18 14:00:00,57.48914136270991
2023-05-18 15:00:00,57.39961254287483
2023-05-18 16:00:00,53.630599917116044
2023-05-18 17:00:00,52.07028504355192
2023-05-18 18:00:00,51.35358973048764
2023-05-18 19:00:00,43.61425698361301
2023-05-18 20:00:00,28.337457544039864
2023-05-18 21:00:00,26.43224865430478
2023-05-18 22:00:00,25.954242871737534
2023-05-18 23:00:00,25.8436542698886
2023-05-19 00:00:00,25.440598057348435
2023-05-19 01:00:00,25.442100385863014
2023-05-19 02:00:00,25.401725053624357
2023-05-19 03:00:00,25.400205351688307
2023-05-19 04:00:00,25.410265850733914
2023-05-19 05:00:00,25.417668434789547
2023-05-19 06:00:00,25.77426707422805
2023-05-19 07:00:00,26.503895125590905
2023-05-19 08:00:00,33.96062637962716
2023-05-19 09:00:00,51.91900467997647
2023-05-19 10:00:00,52.948488111179586
2023-05-19 11:00:00,53.247709088529355
2023-05-19 12:00:00,53.237753251613334
2023-05-19 13:00:00,52.86244216655009
2023-05-19 14:00:00,52.72179561531195
2023-05-19 15:00:00,50.88051262192353
2023-05-19 16:00:00,42.059377624039136
2023-05-19 17:00:00,41.076832435153214
2023-05-19 18:00:00,40.689985961476104
2023-05-19 19:00:00,36.60884988435494
2023-05-19 20:00:00,27.37863107469271
2023-05-19 21:00:00,25.48563856471741
2023-05-19 22:00:00,25.043684295605477
2023-05-19 23:00:00,24.96759008642144
2023-05-20 00:00:00,26.27509318574879
2023-05-20 01:00:00,26.269209579618632
2023-05-20 02:00:00,26.229322453179122
2023-05-20 03:00:00,26.220289735777317
2023-05-20 04:00:00,26.19156187968287
2023-05-20 05:00:00,26.162582302503125
2023-05-20 06:00:00,26.655363252886925
2023-05-20 07:00:00,26.737318854053573
2023-05-20 08:00:00,27.02854067081146
2023-05-20 09:00:00,27.27006512190248
2023-05-20 10:00:00,28.099401551826684
2023-05-20 11:00:00,28.173578682569023
2023-05-20 12:00:00,28.10322622303467
2023-05-20 13:00:00,27.5699854180388
2023-05-20 14:00:00,27.285430556692404
2023-05-20 15:00:00,27.08967535394191
2023-05-20 16:00:00,27.096063680121947
2023-05-20 17:00:00,27.130589391003998
2023-05-20 18:00:00,26.892029685536503
2023-05-20 19:00:00,32.246174616467336
2023-05-20 20:00:00,27.372282118327686
2023-05-20 21:00:00,26.714935508119595
2023-05-20 22:00:00,26.501761765368652
2023-05-20 23:00:00,26.458900345585366
2023-05-21 00:00:00,25.284334856468394
2023-05-21 01:00:00,25.280055641920903
2023-05-21 02:00:00,25.24795610381942
2023-05-21 03:00:00,25.24795610381942
2023-05-21 04:00:00,25.208875466529715
2023-05-21 05:00:00,25.115461533725604
2023-05-21 06:00:00,24.962151896457577
2023-05-21 07:00:00,24.968826213279662
2023-05-21 08:00:00,24.94616544615013
2023-05-21 09:00:00,25.08139008103624
2023-05-21 10:00:00,25.8795375945167
2023-05-21 11:00:00,25.89492624448111
2023-05-21 12:00:00,25.706851409720407
2023-05-21 13:00:00,25.10675707900196
2023-05-21 14:00:00,24.819820886532778
2023-05-21 15:00:00,24.77916367152858
2023-05-21 16:00:00,24.887384963070208
2023-05-21 17:00:00,25.062069367009794
2023-05-21 18:00:00,24.8725599981417
2023-05-21 19:00:00,26.49390864770252
2023-05-21 20:00:00,25.178206908430234
2023-05-21 21:00:00,25.050378245414944
2023-05-21 22:00:00,24.804439263521115
2023-05-21 23:00:00,24.741980907187465
2023-05-22 00:00:00,24.840581603972584
2023-05-22 01:00:00,24.847967538617322
2023-05-22 02:00:00,24.80403403557724
2023-05-22 03:00:00,24.801616191113368
2023-05-22 04:00:00,24.806393677338406
2023-05-22 05:00:00,24.781635376564484
2023-05-22 06:00:00,25.00419656485346
2023-05-22 07:00:00,25.577518346737097
2023-05-22 08:00:00,32.606947275205016
2023-05-22 09:00:00,44.092635402110844
2023-05-22 10:00:00,44.59788268325497
2023-05-22 11:00:00,44.72720038165844
2023-05-22 12:00:00,44.73130672401703
2023-05-22 13:00:00,44.675425734685284
2023-05-22 14:00:00,44.688215933099535
2023-05-22 15:00:00,44.661271464460384
2023-05-22 16:00:00,45.39677392073565
2023-05-22 17:00:00,45.08993999339456
2023-05-22 18:00:00,44.813964772104164
2023-05-22 19:00:00,36.46486521750979
2023-05-22 20:00:00,26.338369812501945
2023-05-22 21:00:00,25.11084506364765
2023-05-22 22:00:00,24.84504313946939
2023-05-22 23:00:00,24.769893823029644
2023-05-23 00:00:00,25.605611334159523
2023-05-23 01:00:00,25.602387883071188
2023-05-23 02:00:00,25.54720893286706
2023-05-23 03:00:00,25.527531081350652
2023-05-23 04:00:00,25.555985448140238
2023-05-23 05:00:00,25.677333690190586
2023-05-23 06:00:00,26.115603829456862
2023-05-23 07:00:00,26.888649714349466
2023-05-23 08:00:00,34.72023916817597
2023-05-23 09:00:00,59.97649154912206
2023-05-23 10:00:00,61.94369792102032
2023-05-23 11:00:00,62.91178078708847
2023-05-23 12:00:00,63.3213615617116
2023-05-23 13:00:00,63.19039629276473
2023-05-23 14:00:00,63.227848051045534
2023-05-23 15:00:00,63.085754920868354
2023-05-23 16:00:00,59.674838774174205
2023-05-23 17:00:00,57.620165685681336
2023-05-23 18:00:00,56.58072903424887
2023-05-23 19:00:00,44.51482158399162
2023-05-23 20:00:00,29.304009049351656
2023-05-23 21:00:00,26.958766661845246
2023-05-23 22:00:00,26.46617912571379
2023-05-23 23:00:00,26.367537993680752
2023-05-24 00:00:00,25.86989998118479
2023-05-24 01:00:00,25.859290595451718
2023-05-24 02:00:00,25.82847210807351
2023-05-24 03:00:00,25.828900946348554
2023-05-24 04:00:00,25.863904026975018
2023-05-24 05:00:00,25.970891007346186
2023-05-24 06:00:00,26.446535448022065
2023-05-24 07:00:00,27.14276361568811
2023-05-24 08:00:00,35.1285715002437
2023-05-24 09:00:00,60.29709360201923
2023-05-24 10:00:00,62.505976394965465
2023-05-24 11:00:00,63.39503424481865
2023-05-24 12:00:00,63.76938973619189
2023-05-24 13:00:00,63.61346685836868
2023-05-24 14:00:00,63.63584193075199
2023-05-24 15:00:00,63.48545917281707
2023-05-24 16:00:00,60.8016100920286
2023-05-24 17:00:00,58.65437146133725
2023-05-24 18:00:00,57.558806692817306
2023-05-24 19:00:00,44.435448901366144
2023-05-24 20:00:00,29.38857520399425
2023-05-24 21:00:00,27.357552084322585
2023-05-24 22:00:00,27.02194898633661
2023-05-24 23:00:00,26.92194190965879
2023-05-25 00:00:00,25.872803127399767
2023-05-25 01:00:00,25.862193741666694
2023-05-25 02:00:00,25.831375254288485
2023-05-25 03:00:00,25.83408855550728
2023-05-25 04:00:00,25.869091636133742
2023-05-25 05:00:00,25.961033869408947
2023-05-25 06:00:00,26.452651029163405
2023-05-25 07:00:00,27.135805929415028
2023-05-25 08:00:00,35.07473174641203
2023-05-25 09:00:00,60.446892297857985
2023-05-25 10:00:00,62.750323375035975
2023-05-25 11:00:00,63.769299171644114
2023-05-25 12:00:00,64.16350706369458
2023-05-25 13:00:00,63.950755711518525
2023-05-25 14:00:00,63.98010422086463
2023-05-25 15:00:00,63.7312567437934
2023-05-25 16:00:00,60.43112662113287
2023-05-25 17:00:00,57.64366782267719
2023-05-25 18:00:00,56.6745971736979
2023-05-25 19:00:00,44.57402783610027
2023-05-25 20:00:00,29.399049242066546
2023-05-25 21:00:00,27.371635306563334
2023-05-25 22:00:00,27.033193726691685
2023-05-25 23:00:00,26.942537420844022
2023-05-26 00:00:00,25.97466599738875
2023-05-26 01:00:00,25.96405661165568
2023-05-26 02:00:00,25.93323812427747
2023-05-26 03:00:00,25.935951425496263
2023-05-26 04:00:00,25.970954506122727
2023-05-26 05:00:00,26.064805973810742
2023-05-26 06:00:00,26.61132671796773
2023-05-26 07:00:00,27.2590747671311
2023-05-26 08:00:00,34.97427762242835
2023-05-26 09:00:00,59.68497072967795
2023-05-26 10:00:00,61.348594054652146
2023-05-26 11:00:00,62.16862992390054
2023-05-26 12:00:00,62.49721995400475
2023-05-26 13:00:00,62.237890761001836
2023-05-26 14:00:00,62.14707886157569
2023-05-26 15:00:00,60.05345717548697
2023-05-26 16:00:00,49.420224097092415
2023-05-26 17:00:00,47.188226396405504
2023-05-26 18:00:00,46.680891775676656
2023-05-26 19:00:00,38.39814694919281
2023-05-26 20:00:00,29.269764557074755
2023-05-26 21:00:00,27.264598979688667
2023-05-26 22:00:00,26.92615739981702
2023-05-26 23:00:00,26.84254591620248
2023-05-27 00:00:00,27.36664906008622
2023-05-27 01:00:00,27.360765453956063
2023-05-27 02:00:00,27.319910862480622
2023-05-27 03:00:00,27.310660603390666
2023-05-27 04:00:00,27.29732299099203
2023-05-27 05:00:00,27.345247940255923
2023-05-27 06:00:00,26.846688815553318
2023-05-27 07:00:00,26.902173226284
2023-05-27 08:00:00,27.140854819564463
2023-05-27 09:00:00,27.364096080109228
2023-05-27 10:00:00,28.22934993017777
2023-05-27 11:00:00,28.331741658688326
2023-05-27 12:00:00,28.313084835953692
2023-05-27 13:00:00,27.93821136291813
2023-05-27 14:00:00,27.749471513005957
2023-05-27 15:00:00,27.569899268750568
2023-05-27 16:00:00,27.473678026680208
2023-05-27 17:00:00,27.500263689735817
2023-05-27 18:00:00,27.3329242231148
2023-05-27 19:00:00,34.48851997023889
2023-05-27 20:00:00,28.766446255789262
2023-05-27 21:00:00,28.155235614839356
2023-05-27 22:00:00,27.847097983681437
2023-05-27 23:00:00,27.788378854918783
2023-05-28 00:00:00,25.70677470040275
2023-05-28 01:00:00,25.70249548585526
2023-05-28 02:00:00,25.636046911093192
2023-05-28 03:00:00,25.625039288564015
2023-05-28 04:00:00,25.573056400994403
2023-05-28 05:00:00,25.48544966207711
2023-05-28 06:00:00,25.721698554957992
2023-05-28 07:00:00,25.713573952198356
2023-05-28 08:00:00,25.68755548286291
2023-05-28 09:00:00,26.04010285755924
2023-05-28 10:00:00,27.361366580863145
2023-05-28 11:00:00,27.434255434113574
2023-05-28 12:00:00,27.35695107635196
2023-05-28 13:00:00,27.0241407184037
2023-05-28 14:00:00,26.817330191104134
2023-05-28 15:00:00,26.807842560088904
2023-05-28 16:00:00,27.046031867868734
2023-05-28 17:00:00,27.15845666369903
2023-05-28 18:00:00,26.947312927405612
2023-05-28 19:00:00,27.79011569229638
2023-05-28 20:00:00,26.399227816777273
2023-05-28 21:00:00,26.377153740629474
2023-05-28 22:00:00,26.10791529613916
2023-05-28 23:00:00,26.046121551411115
2023-05-29 00:00:00,24.799789138592097
2023-05-29 01:00:00,24.807428841078526
2023-05-29 02:00:00,24.73178823287681
2023-05-29 03:00:00,24.72184971687753
2023-05-29 04:00:00,24.711488412837614
2023-05-29 05:00:00,24.72771460465714
2023-05-29 06:00:00,24.778392216048186
2023-05-29 07:00:00,25.2953458408968
2023-05-29 08:00:00,32.305204240919736
2023-05-29 09:00:00,43.76112547181677
2023-05-29 10:00:00,43.96521531770505
2023-05-29 11:00:00,44.18032415169807
2023-05-29 12:00:00,44.21711965539272
2023-05-29 13:00:00,44.24828646890618
2023-05-29 14:00:00,44.40009688248441
2023-05-29 15:00:00,44.23953040307324
2023-05-29 16:00:00,44.02858995398734
2023-05-29 17:00:00,43.62350387477186
2023-05-29 18:00:00,43.495424007397524
2023-05-29 19:00:00,36.87350420326949
2023-05-29 20:00:00,26.985194978370327
2023-05-29 21:00:00,25.924038906209077
2023-05-29 22:00:00,25.61132505291974
2023-05-29 23:00:00,25.4868967448456
2023-05-30 00:00:00,26.403299335404835
2023-05-30 01:00:00,26.397415729274677
2023-05-30 02:00:00,26.324330652133476
2023-05-30 03:00:00,26.310083906545213
2023-05-30 04:00:00,26.29131263019561
2023-05-30 05:00:00,26.3463735916088
2023-05-30 06:00:00,26.334755816888585
2023-05-30 07:00:00,26.977749348604362
2023-05-30 08:00:00,34.72688132899056
2023-05-30 09:00:00,57.313990374555345
2023-05-30 10:00:00,58.746510299765106
2023-05-30 11:00:00,59.53934212866409
2023-05-30 12:00:00,59.746821944297324
2023-05-30 13:00:00,59.63938385891728
2023-05-30 14:00:00,59.80111240524221
2023-05-30 15:00:00,59.4541415362213
2023-05-30 16:00:00,56.45954291371247
2023-05-30 17:00:00,54.64444225247369
2023-05-30 18:00:00,53.844088684461376
2023-05-30 19:00:00,44.5027626167375
2023-05-30 20:00:00,29.557019436149083
2023-05-30 21:00:00,27.778775453561927
2023-05-30 22:00:00,27.38374586266564
2023-05-30 23:00:00,27.2372499810689
2023-05-31 00:00:00,25.481022435664503
2023-05-31 01:00:00,25.482778532020774
2023-05-31 02:00:00,25.414594573812703
2023-05-31 03:00:00,25.392371830637707
2023-05-31 04:00:00,25.375514928667354
2023-05-31 05:00:00,25.415644549981668
2023-05-31 06:00:00,25.862428809271318
2023-05-31 07:00:00,26.635617842527136
2023-05-31 08:00:00,34.63886521328552
2023-05-31 09:00:00,57.98235278975295
2023-05-31 10:00:00,59.34986073477324
2023-05-31 11:00:00,59.8553741117714
2023-05-31 12:00:00,59.92987163274873
2023-05-31 13:00:00,59.77333902592654
2023-05-31 14:00:00,59.715283993429544
2023-05-31 15:00:00,59.074090975249334
2023-05-31 16:00:00,53.360791353601364
2023-05-31 17:00:00,51.471636479424085
2023-05-31 18:00:00,50.785416645636154
2023-05-31 19:00:00,43.801919631790405
2023-05-31 20:00:00,28.70334986107953
2023-05-31 21:00:00,26.884076154930955
2023-05-31 22:00:00,26.402602644365967
2023-05-31 23:00:00,26.27940584749118
2023-06-01 00:00:00,26.148066706553404
2023-06-01 01:00:00,26.142183100423246
2023-06-01 02:00:00,26.07448228974278
2023-06-01 03:00:00,26.060235544154516
2023-06-01 04:00:00,26.049169259302946
2023-06-01 05:00:00,26.097222818230893
2023-06-01 06:00:00,26.27261972300245
2023-06-01 07:00:00,26.938083021994146
2023-06-01 08:00:00,34.73947961430231
2023-06-01 09:00:00,57.790414455625964
2023-06-01 10:00:00,59.62625269453335
2023-06-01 11:00:00,60.53614967498446
2023-06-01 12:00:00,60.714746348717604
2023-06-01 13:00:00,60.60214442253771
2023-06-01 14:00:00,60.63724337235928
2023-06-01 15:00:00,60.32809003577745
2023-06-01 16:00:00,54.4408916937034
2023-06-01 17:00:00,52.11715123701029
2023-06-01 18:00:00,51.28113378519829
2023-06-01 19:00:00,44.28731150753778
2023-06-01 20:00:00,29.389542075647725
2023-06-01 21:00:00,27.723535456955908
2023-06-01 22:00:00,27.345631518227663
2023-06-01 23:00:00,27.19913563663092
2023-06-02 00:00:00,26.118309719423305
2023-06-02 01:00:00,26.112426113293147
2023-06-02 02:00:00,26.04986826561489
2023-06-02 03:00:00,26.036813841645134
2023-06-02 04:00:00,26.024214709403314
2023-06-02 05:00:00,26.099057923185324
2023-06-02 06:00:00,26.53709050949304
2023-06-02 07:00:00,27.137731280373224
2023-06-02 08:00:00,34.63391758684818
2023-06-02 09:00:00,59.40706171901965
2023-06-02 10:00:00,60.72244525337512
2023-06-02 11:00:00,61.712806320250635
2023-06-02 12:00:00,61.98227350083831
2023-06-02 13:00:00,61.89948850797171
2023-06-02 14:00:00,62.02218997823222
2023-06-02 15:00:00,60.062235714273775
2023-06-02 16:00:00,49.53767696341196
2023-06-02 17:00:00,47.11310513076646
2023-06-02 18:00:00,46.767269621487664
2023-06-02 19:00:00,38.65402705788173
2023-06-02 20:00:00,29.420390005941158
2023-06-02 21:00:00,27.499389560301434
2023-06-02 22:00:00,27.154253791365495
2023-06-02 23:00:00,27.033301936554427
2023-06-03 00:00:00,27.424980751696065
2023-06-03 01:00:00,27.419097145565907
2023-06-03 02:00:00,27.367736627262687
2023-06-03 03:00:00,27.35696666623668
2023-06-03 04:00:00,27.336984568698828
2023-06-03 05:00:00,27.358681471625278
2023-06-03 06:00:00,26.870752964492226
2023-06-03 07:00:00,26.95350837733272
2023-06-03 08:00:00,27.18649654356675
2023-06-03 09:00:00,27.431905794221755
2023-06-03 10:00:00,28.310248009542992
2023-06-03 11:00:00,28.41609698950826
2023-06-03 12:00:00,28.403901491799168
2023-06-03 13:00:00,28.092163734055944
2023-06-03 14:00:00,27.8934545704308
2023-06-03 15:00:00,27.764192233602078
2023-06-03 16:00:00,27.75434080617919
2023-06-03 17:00:00,27.760497723949
2023-06-03 18:00:00,27.5794790517702
2023-06-03 19:00:00,33.81135831694876
2023-06-03 20:00:00,28.704736863413622
2023-06-03 21:00:00,28.16510099550109
2023-06-03 22:00:00,27.927329010333683
2023-06-03 23:00:00,27.87306183687683
2023-06-04 00:00:00,26.075167765426542
2023-06-04 01:00:00,26.07088855087905
2023-06-04 02:00:00,26.014329420192258
2023-06-04 03:00:00,26.007873740141672
2023-06-04 04:00:00,25.951666792163714
2023-06-04 05:00:00,25.880738838032862
2023-06-04 06:00:00,26.058084619456206
2023-06-04 07:00:00,26.067741072161464
2023-06-04 08:00:00,26.073379502283803
2023-06-04 09:00:00,26.293021136131312
2023-06-04 10:00:00,27.25611676024347
2023-06-04 11:00:00,27.328209022322834
2023-06-04 12:00:00,27.269815005368315
2023-06-04 13:00:00,27.019261371156883
2023-06-04 14:00:00,26.872030034061776
2023-06-04 15:00:00,26.870280063607513
2023-06-04 16:00:00,27.048300690088592
2023-06-04 17:00:00,27.141817896558756
2023-06-04 18:00:00,26.934856269195627
2023-06-04 19:00:00,27.558585441104658
2023-06-04 20:00:00,26.745189297086217
2023-06-04 21:00:00,26.759274349360936
2023-06-04 22:00:00,26.5575560932607
2023-06-04 23:00:00,26.512988284200397
2023-06-05 00:00:00,24.828259608681396
2023-06-05 01:00:00,24.835899311167825
2023-06-05 02:00:00,24.76258246850201
2023-06-05 03:00:00,24.74384176097112
2023-06-05 04:00:00,24.720275258236327
2023-06-05 05:00:00,24.713376812911058
2023-06-05 06:00:00,24.80878701385775
2023-06-05 07:00:00,25.325740638706364
2023-06-05 08:00:00,32.29422419450071
2023-06-05 09:00:00,43.623028773292326
2023-06-05 10:00:00,43.79331083105761
2023-06-05 11:00:00,43.99819601888472
2023-06-05 12:00:00,43.999812131063685
2023-06-05 13:00:00,44.03097894457714
2023-06-05 14:00:00,44.16363733170869
2023-06-05 15:00:00,43.861638518714486
2023-06-05 16:00:00,43.233485835376406
2023-06-05 17:00:00,42.76131385505163
2023-06-05 18:00:00,42.61007699446412
2023-06-05 19:00:00,36.4722643811137
2023-06-05 20:00:00,26.73955077244639
2023-06-05 21:00:00,25.690915602918846
2023-06-05 22:00:00,25.369022749575024
2023-06-05 23:00:00,25.25763948388522
2023-06-06 00:00:00,25.5253185359643
2023-06-06 01:00:00,25.522348852717656
2023-06-06 02:00:00,25.438717617117263
2023-06-06 03:00:00,25.418093939241462
2023-06-06 04:00:00,25.456294224139818
2023-06-06 05:00:00,25.573280527365807
2023-06-06 06:00:00,25.89044402902045
2023-06-06 07:00:00,26.60143097526533
2023-06-06 08:00:00,34.299473235631915
2023-06-06 09:00:00,62.33186987948463
2023-06-06 10:00:00,64.52861108977322
2023-06-06 11:00:00,65.96635890963186
2023-06-06 12:00:00,66.52748406034414
2023-06-06 13:00:00,66.57792109486522
2023-06-06 14:00:00,66.9103148811801
2023-06-06 15:00:00,67.007806456857
2023-06-06 16:00:00,64.23929981897852
2023-06-06 17:00:00,61.29273525990334
2023-06-06 18:00:00,60.18001325256171
2023-06-06 19:00:00,45.001129761774024
2023-06-06 20:00:00,29.558748479872584
2023-06-06 21:00:00,27.4171599223701
2023-06-06 22:00:00,26.921669843291514
2023-06-06 23:00:00,26.798150807680802
2023-06-07 00:00:00,26.233320766387283
2023-06-07 01:00:00,26.22271138065421
2023-06-07 02:00:00,26.167852700140486
2023-06-07 03:00:00,26.15479827617073
2023-06-07 04:00:00,26.193982358841033
2023-06-07 05:00:00,26.29540241910866
2023-06-07 06:00:00,26.369631498300954
2023-06-07 07:00:00,27.036539182404457
2023-06-07 08:00:00,34.71203376821913
2023-06-07 09:00:00,62.163350155660616
2023-06-07 10:00:00,63.98169495997546
2023-06-07 11:00:00,65.24415146706718
2023-06-07 12:00:00,65.71357617178597
2023-06-07 13:00:00,65.74855443263449
2023-06-07 14:00:00,66.053234152735
2023-06-07 15:00:00,66.16626787050303
2023-06-07 16:00:00,63.34591534817688
2023-06-07 17:00:00,60.63028582170388
2023-06-07 18:00:00,59.60690561002365
2023-06-07 19:00:00,44.90615939421884
2023-06-07 20:00:00,29.916465159934464
2023-06-07 21:00:00,28.07211835465791
2023-06-07 22:00:00,27.72627927853114
2023-06-07 23:00:00,27.583611105774136
2023-06-08 00:00:00,26.136180776540204
2023-06-08 01:00:00,26.12557139080713
2023-06-08 02:00:00,26.07450484976665
2023-06-08 03:00:00,26.06810127341561
2023-06-08 04:00:00,26.103104354042074
2023-06-08 05:00:00,26.189479667213746
2023-06-08 06:00:00,26.4085285163482
2023-06-08 07:00:00,27.059030437916846
2023-06-08 08:00:00,34.79795099931874
2023-06-08 09:00:00,62.36090963593384
2023-06-08 10:00:00,64.51947453538563
2023-06-08 11:00:00,65.92291619816744
2023-06-08 12:00:00,66.44759520616512
2023-06-08 13:00:00,66.4980322406862
2023-06-08 14:00:00,66.8027119607867
2023-06-08 15:00:00,66.81686511043752
2023-06-08 16:00:00,63.49711685122202
2023-06-08 17:00:00,60.09550605931062
2023-06-08 18:00:00,59.02844215654481
2023-06-08 19:00:00,44.90852282399394
2023-06-08 20:00:00,29.797756158601413
2023-06-08 21:00:00,27.84467818165832
2023-06-08 22:00:00,27.4872061752929
2023-06-08 23:00:00,27.3631267463766
2023-06-09 00:00:00,26.146843642769213
2023-06-09 01:00:00,26.140960036639054
2023-06-09 02:00:00,26.08235558489133
2023-06-09 03:00:00,26.07052668376694
2023-06-09 04:00:00,26.054534706946963
2023-06-09 05:00:00,26.079538045257472
2023-06-09 06:00:00,26.46245776970441
2023-06-09 07:00:00,27.12477106802849
2023-06-09 08:00:00,34.76854479406572
2023-06-09 09:00:00,58.17221576040761
2023-06-09 10:00:00,59.37281175807385
2023-06-09 11:00:00,60.04785384147932
2023-06-09 12:00:00,60.13759644137513
2023-06-09 13:00:00,60.01422857320511
2023-06-09 14:00:00,59.98129104067599
2023-06-09 15:00:00,57.8337675289985
2023-06-09 16:00:00,46.8573392024185
2023-06-09 17:00:00,44.55864806668943
2023-06-09 18:00:00,44.2688541515474
2023-06-09 19:00:00,38.55269730288032
2023-06-09 20:00:00,29.116616741645633
2023-06-09 21:00:00,27.42524671660142
2023-06-09 22:00:00,27.089461399546924
2023-06-09 23:00:00,26.96886979511932
2023-06-10 00:00:00,25.65650426630882
2023-06-10 01:00:00,25.65062066017866
2023-06-10 02:00:00,25.581024351679975
2023-06-10 03:00:00,25.55847913242313
2023-06-10 04:00:00,25.51676792053041
2023-06-10 05:00:00,25.497946337788694
2023-06-10 06:00:00,25.98806233890708
2023-06-10 07:00:00,26.089239395843794
2023-06-10 08:00:00,26.39296563116817
2023-06-10 09:00:00,26.831349600980843
2023-06-10 10:00:00,27.792281871044132
2023-06-10 11:00:00,27.84984874284561
2023-06-10 12:00:00,27.790658525885085
2023-06-10 13:00:00,27.39063372505579
2023-06-10 14:00:00,27.16483048345689
2023-06-10 15:00:00,26.997013205493506
2023-06-10 16:00:00,26.97052041622001
2023-06-10 17:00:00,26.944829070551748
2023-06-10 18:00:00,26.81908826661801
2023-06-10 19:00:00,33.485421913617415
2023-06-10 20:00:00,27.435412105923746
2023-06-10 21:00:00,26.64824077808448
2023-06-10 22:00:00,26.234402413197106
2023-06-10 23:00:00,26.173133740190945
2023-06-11 00:00:00,25.45155717463473
2023-06-11 01:00:00,25.447277960087238
2023-06-11 02:00:00,25.36903839197679
2023-06-11 03:00:00,25.356212712492507
2023-06-11 04:00:00,25.283762863208146
2023-06-11 05:00:00,25.199153035493747
2023-06-11 06:00:00,25.306859091451663
2023-06-11 07:00:00,25.298734488692027
2023-06-11 08:00:00,25.29651220511377
2023-06-11 09:00:00,25.634973227715246
2023-06-11 10:00:00,26.87714489842302
2023-06-11 11:00:00,26.95601937628921
2023-06-11 12:00:00,26.88947181942762
2023-06-11 13:00:00,26.60519485998416
2023-06-11 14:00:00,26.402995483308693
2023-06-11 15:00:00,26.401245512854434
2023-06-11 16:00:00,26.633142803856394
2023-06-11 17:00:00,26.723093653002383
2023-06-11 18:00:00,26.510564497264316
2023-06-11 19:00:00,27.481814043318167
2023-06-11 20:00:00,26.168405631204894
2023-06-11 21:00:00,26.189853383345532
2023-06-11 22:00:00,25.943735125844118
2023-06-11 23:00:00,25.900086307949575
2023-06-12 00:00:00,25.43392290485082
2023-06-12 01:00:00,25.43392290485082
2023-06-12 02:00:00,25.38789202057532
2023-06-12 03:00:00,25.389570229314543
2023-06-12 04:00:00,25.36996701679513
2023-06-12 05:00:00,25.379996669346674
2023-06-12 06:00:00,25.311428727153576
2023-06-12 07:00:00,25.816498563936303
2023-06-12 08:00:00,32.754800572250616
2023-06-12 09:00:00,43.78275755852514
2023-06-12 10:00:00,43.94036310581007
2023-06-12 11:00:00,44.10549423645615
2023-06-12 12:00:00,44.10711034863512
2023-06-12 13:00:00,44.138277162148576
2023-06-12 14:00:00,44.18891880655618
2023-06-12 15:00:00,43.83624822041854
2023-06-12 16:00:00,43.096256140367586
2023-06-12 17:00:00,42.64109524896436
2023-06-12 18:00:00,42.48721238575099
2023-06-12 19:00:00,36.28800297615417
2023-06-12 20:00:00,27.26912523586991
2023-06-12 21:00:00,26.297672386890305
2023-06-12 22:00:00,26.081773045595046
2023-06-12 23:00:00,25.97700648607659
2023-06-13 00:00:00,25.587985745216027
2023-06-13 01:00:00,25.585016061969384
2023-06-13 02:00:00,25.521662319283763
2023-06-13 03:00:00,25.482546974743013
2023-06-13 04:00:00,25.497850697982827
2023-06-13 05:00:00,25.6183713388081
2023-06-13 06:00:00,26.129135252139612
2023-06-13 07:00:00,26.900676256314107
2023-06-13 08:00:00,34.879062532199846
2023-06-13 09:00:00,61.1177013843034
2023-06-13 10:00:00,62.96012065054176
2023-06-13 11:00:00,63.761355042769544
2023-06-13 12:00:00,64.13992211574273
2023-06-13 13:00:00,64.02075293531438
2023-06-13 14:00:00,64.05847520444321
2023-06-13 15:00:00,63.682381899356336
2023-06-13 16:00:00,59.474125192900374
2023-06-13 17:00:00,56.990254083045535
2023-06-13 18:00:00,55.98791530233544
2023-06-13 19:00:00,44.34738207793276
2023-06-13 20:00:00,29.404459493259402
2023-06-13 21:00:00,27.232488164940516
2023-06-13 22:00:00,26.764640188240477
2023-06-13 23:00:00,26.65095032423378
2023-06-14 00:00:00,27.603771325841866
2023-06-14 01:00:00,27.593161940108793
2023-06-14 02:00:00,27.553852423567076
2023-06-14 03:00:00,27.538638030940547
2023-06-14 04:00:00,27.55646250653385
2023-06-14 05:00:00,27.711796418981187
2023-06-14 06:00:00,26.655642288303973
2023-06-14 07:00:00,27.239905236823315
2023-06-14 08:00:00,35.04724044254217
2023-06-14 09:00:00,60.444109309216806
2023-06-14 10:00:00,62.430589781415144
2023-06-14 11:00:00,63.58941582039523
2023-06-14 12:00:00,64.02801398685456
2023-06-14 13:00:00,63.96416787554371
2023-06-14 14:00:00,64.14124314887749
2023-06-14 15:00:00,64.00183880288641
2023-06-14 16:00:00,60.800739578258884
2023-06-14 17:00:00,58.486170738740924
2023-06-14 18:00:00,57.54918238508806
2023-06-14 19:00:00,43.78068459163779
2023-06-14 20:00:00,30.54716752264796
2023-06-14 21:00:00,29.084593389866484
2023-06-14 22:00:00,28.793116336493064
2023-06-14 23:00:00,28.687265357682207
2023-06-15 00:00:00,26.22826298884729
2023-06-15 01:00:00,26.21765360311422
2023-06-15 02:00:00,26.172100793618878
2023-06-15 03:00:00,26.17249773219729
2023-06-15 04:00:00,26.18418240224508
2023-06-15 05:00:00,26.249069322240853
2023-06-15 06:00:00,26.291436595846132
2023-06-15 07:00:00,26.879493879406187
2023-06-15 08:00:00,34.58557493489403
2023-06-15 09:00:00,63.117077695453
2023-06-15 10:00:00,65.4952921250621
2023-06-15 11:00:00,66.98322798142038
2023-06-15 12:00:00,67.39350221002788
2023-06-15 13:00:00,67.40315897467616
2023-06-15 14:00:00,67.75328614561386
2023-06-15 15:00:00,67.67213810652399
2023-06-15 16:00:00,63.04126159908247
2023-06-15 17:00:00,59.47028660162973
2023-06-15 18:00:00,58.67635299430152
2023-06-15 19:00:00,44.71963012368919
2023-06-15 20:00:00,29.957063586460713
2023-06-15 21:00:00,28.1517984978444
2023-06-15 22:00:00,27.84181776471295
2023-06-15 23:00:00,27.7328030348936
2023-06-16 00:00:00,28.299818058980538
2023-06-16 01:00:00,28.299818058980538
2023-06-16 02:00:00,28.274623390297677
2023-06-16 03:00:00,28.274623390297677
2023-06-16 04:00:00,28.29709176865732
2023-06-16 05:00:00,28.39784207794177
2023-06-16 06:00:00,27.199866760660377
2023-06-16 07:00:00,27.706989794605896
2023-06-16 08:00:00,35.26805808240336
2023-06-16 09:00:00,64.76474337728227
2023-06-16 10:00:00,66.60518886702371
2023-06-16 11:00:00,68.09348377419487
2023-06-16 12:00:00,68.50567020003207
2023-06-16 13:00:00,68.44527849472166
2023-06-16 14:00:00,68.54323439584829
2023-06-16 15:00:00,67.1322905925177
2023-06-16 16:00:00,55.314860996217405
2023-06-16 17:00:00,51.41712933433285
2023-06-16 18:00:00,50.76578851009376
2023-06-16 19:00:00,39.16345839177225
2023-06-16 20:00:00,31.10721026807436
2023-06-16 21:00:00,29.841997095896758
2023-06-16 22:00:00,29.56468639499992
2023-06-16 23:00:00,29.483309601229053
2023-06-17 00:00:00,28.209305157874642
2023-06-17 01:00:00,28.209305157874642
2023-06-17 02:00:00,28.195682359548876
2023-06-17 03:00:00,28.195682359548876
2023-06-17 04:00:00,28.21354377975326
2023-06-17 05:00:00,28.2980009460026
2023-06-17 06:00:00,27.078024470903117
2023-06-17 07:00:00,27.15513574314641
2023-06-17 08:00:00,27.38138699907668
2023-06-17 09:00:00,27.4233208471541
2023-06-17 10:00:00,28.294744019930935
2023-06-17 11:00:00,28.388754934721135
2023-06-17 12:00:00,28.33390756411022
2023-06-17 13:00:00,27.904836243224327
2023-06-17 14:00:00,27.761785644556458
2023-06-17 15:00:00,27.6511142992726
2023-06-17 16:00:00,27.5888335202925
2023-06-17 17:00:00,27.669268219823618
2023-06-17 18:00:00,27.57757188344181
2023-06-17 19:00:00,35.88767542033104
2023-06-17 20:00:00,30.41019130925396
2023-06-17 21:00:00,29.47439386037031
2023-06-17 22:00:00,29.203020019257295
2023-06-17 23:00:00,29.179446544353702
2023-06-18 00:00:00,27.29292189677615
2023-06-18 01:00:00,27.28864268222866
2023-06-18 02:00:00,27.235546372278407
2023-06-18 03:00:00,27.23861590100888
2023-06-18 04:00:00,27.19519244480058
2023-06-18 05:00:00,27.158695680901896
2023-06-18 06:00:00,26.887973812072488
2023-06-18 07:00:00,26.897630264777746
2023-06-18 08:00:00,26.955443664711044
2023-06-18 09:00:00,27.157525632397714
2023-06-18 10:00:00,28.217129998353357
2023-06-18 11:00:00,28.29948984046571
2023-06-18 12:00:00,28.246828907163792
2023-06-18 13:00:00,27.975409976502874
2023-06-18 14:00:00,27.788365074113052
2023-06-18 15:00:00,27.769520592175578
2023-06-18 16:00:00,27.915899733212193
2023-06-18 17:00:00,28.000985256669594
2023-06-18 18:00:00,27.78985072927396
2023-06-18 19:00:00,28.8063595938834
2023-06-18 20:00:00,28.06171027077597
2023-06-18 21:00:00,27.987459528613186
2023-06-18 22:00:00,27.793425952472056
2023-06-18 23:00:00,27.747167381138343
2023-06-19 00:00:00,25.632487205364026
2023-06-19 01:00:00,25.632487205364026
2023-06-19 02:00:00,25.572343303809333
2023-06-19 03:00:00,25.569505460562855
2023-06-19 04:00:00,25.556042053588953
2023-06-19 05:00:00,25.566071706140498
2023-06-19 06:00:00,25.274194557095722
2023-06-19 07:00:00,25.77162832888811
2023-06-19 08:00:00,32.692131863869214
2023-06-19 09:00:00,43.760560708358746
2023-06-19 10:00:00,43.89968665760566
2023-06-19 11:00:00,44.133464140728236
2023-06-19 12:00:00,44.170259644422885
2023-06-19 13:00:00,44.20142645793634
2023-06-19 14:00:00,44.353236871514575
2023-06-19 15:00:00,44.156748385127976
2023-06-19 16:00:00,43.67594339649927
2023-06-19 17:00:00,43.27085731728379
2023-06-19 18:00:00,43.14675413150178
2023-06-19 19:00:00,36.93583350060107
2023-06-19 20:00:00,27.672824727594815
2023-06-19 21:00:00,26.694520341187186
2023-06-19 22:00:00,26.438777510300014
2023-06-19 23:00:00,26.304379203313143
2023-06-20 00:00:00,25.572289805074227
2023-06-20 01:00:00,25.574045901430498
2023-06-20 02:00:00,25.50821669836294
2023-06-20 03:00:00,25.483576110724073
2023-06-20 04:00:00,25.465411053073034
2023-06-20 05:00:00,25.51808861216745
2023-06-20 06:00:00,25.817879014242124
2023-06-20 07:00:00,26.550459271231965
2023-06-20 08:00:00,34.40859005582488
2023-06-20 09:00:00,54.96208610744521
2023-06-20 10:00:00,56.122694637212355
2023-06-20 11:00:00,56.77862905928137
2023-06-20 12:00:00,56.88761927434256
2023-06-20 13:00:00,56.737525961626204
2023-06-20 14:00:00,56.79579502319648
2023-06-20 15:00:00,56.41629481466983
2023-06-20 16:00:00,53.52566556760508
2023-06-20 17:00:00,52.072512247484646
2023-06-20 18:00:00,51.37043225014145
2023-06-20 19:00:00,44.133581773671054
2023-06-20 20:00:00,28.847100163407603
2023-06-20 21:00:00,27.019169262939723
2023-06-20 22:00:00,26.497000609893856
2023-06-20 23:00:00,26.363122862443035
2023-06-21 00:00:00,25.32143140322035
2023-06-21 01:00:00,25.32318749957662
2023-06-21 02:00:00,25.23490991431226
2023-06-21 03:00:00,25.21127938366624
2023-06-21 04:00:00,25.19968755058157
2023-06-21 05:00:00,25.286229521488497
2023-06-21 06:00:00,25.86913721923641
2023-06-21 07:00:00,26.56015520447256
2023-06-21 08:00:00,34.19482190776774
2023-06-21 09:00:00,57.449249191580265
2023-06-21 10:00:00,59.17191701728932
2023-06-21 11:00:00,60.10337808000496
2023-06-21 12:00:00,60.27633176088188
2023-06-21 13:00:00,60.20500079201203
2023-06-21 14:00:00,60.39784473230392
2023-06-21 15:00:00,60.54879791756944
2023-06-21 16:00:00,58.26229464900865
2023-06-21 17:00:00,56.42682391435832
2023-06-21 18:00:00,55.501895490151604
2023-06-21 19:00:00,44.22396976460043
2023-06-21 20:00:00,29.04938084938586
2023-06-21 21:00:00,26.821002397990195
2023-06-21 22:00:00,26.33197329518919
2023-06-21 23:00:00,26.195675125010553
2023-06-22 00:00:00,26.074993943261507
2023-06-22 01:00:00,26.06911033713135
2023-06-22 02:00:00,26.010505885383626
2023-06-22 03:00:00,25.998676984259234
2023-06-22 04:00:00,25.982685007439258
2023-06-22 05:00:00,26.01628437808707
2023-06-22 06:00:00,26.35517445118976
2023-06-22 07:00:00,27.058321576978308
2023-06-22 08:00:00,34.9257272827287
2023-06-22 09:00:00,58.322184061065535
2023-06-22 10:00:00,59.86981844962224
2023-06-22 11:00:00,60.56061700649324
2023-06-22 12:00:00,60.70777822618506
2023-06-22 13:00:00,60.624306916187955
2023-06-22 14:00:00,60.59518890876348
2023-06-22 15:00:00,59.95140122957683
2023-06-22 16:00:00,55.17880343216872
2023-06-22 17:00:00,52.38041874806355
2023-06-22 18:00:00,51.629500909809444
2023-06-22 19:00:00,43.93416014601487
2023-06-22 20:00:00,29.09200680939397
2023-06-22 21:00:00,27.455101630808752
2023-06-22 22:00:00,27.11602772217453
2023-06-22 23:00:00,26.98183599048057
2023-06-23 00:00:00,27.149856351504276
2023-06-23 01:00:00,27.143972745374118
2023-06-23 02:00:00,27.10690345414893
2023-06-23 03:00:00,27.090224592839636
2023-06-23 04:00:00,27.09141122105282
2023-06-23 05:00:00,27.2284574148648
2023-06-23 06:00:00,26.842440358775075
2023-06-23 07:00:00,27.484947969078913
2023-06-23 08:00:00,35.09667705343472
2023-06-23 09:00:00,60.96477038309118
2023-06-23 10:00:00,62.3011163460526
2023-06-23 11:00:00,63.12841932838238
2023-06-23 12:00:00,63.395902642208426
2023-06-23 13:00:00,63.261614423055065
2023-06-23 14:00:00,63.268840064756525
2023-06-23 15:00:00,61.16795885254711
2023-06-23 16:00:00,49.69302771171207
2023-06-23 17:00:00,46.73454637502129
2023-06-23 18:00:00,46.263615559583
2023-06-23 19:00:00,38.04587283384357
2023-06-23 20:00:00,29.84617542559594
2023-06-23 21:00:00,28.21772677654637
2023-06-23 22:00:00,27.8893643957805
2023-06-23 23:00:00,27.784808097801815
2023-06-24 00:00:00,26.280011093490245
2023-06-24 01:00:00,26.274127487360087
2023-06-24 02:00:00,26.211406800352897
2023-06-24 03:00:00,26.204495624029576
2023-06-24 04:00:00,26.174028599647944
2023-06-24 05:00:00,26.175705097693083
2023-06-24 06:00:00,26.67518008898668
2023-06-24 07:00:00,26.801768219448533
2023-06-24 08:00:00,27.146649396008854
2023-06-24 09:00:00,27.538953419612096
2023-06-24 10:00:00,28.429020783848422
2023-06-24 11:00:00,28.433155694302158
2023-06-24 12:00:00,28.386552194259984
2023-06-24 13:00:00,28.0324946742639
2023-06-24 14:00:00,27.810454231433113
2023-06-24 15:00:00,27.642636953469733
2023-06-24 16:00:00,27.505743299596933
2023-06-24 17:00:00,27.420663568577947
2023-06-24 18:00:00,27.29492276464421
2023-06-24 19:00:00,33.38220002446683
2023-06-24 20:00:00,27.727253927494008
2023-06-24 21:00:00,27.05718538575448
2023-06-24 22:00:00,26.812102154144174
2023-06-24 23:00:00,26.762659260982158
2023-06-25 00:00:00,25.105058555067643
2023-06-25 01:00:00,25.100779340520152
2023-06-25 02:00:00,25.04603144477556
2023-06-25 03:00:00,25.039862515101273
2023-06-25 04:00:00,24.967412665816912
2023-06-25 05:00:00,24.874594709351975
2023-06-25 06:00:00,25.039090078660383
2023-06-25 07:00:00,25.04644478908349
2023-06-25 08:00:00,25.073445736696414
2023-06-25 09:00:00,25.374965780458442
2023-06-25 10:00:00,26.460153629825033
2023-06-25 11:00:00,26.523022814419065
2023-06-25 12:00:00,26.42040432364861
2023-06-25 13:00:00,26.07643183579172
2023-06-25 14:00:00,25.875948868520247
2023-06-25 15:00:00,25.8660260657507
2023-06-25 16:00:00,26.01229746739232
2023-06-25 17:00:00,26.0778238803056
2023-06-25 18:00:00,25.8603806875869
2023-06-25 19:00:00,26.862519787277073
2023-06-25 20:00:00,25.513335088132397
2023-06-25 21:00:00,25.527072342417217
2023-06-25 22:00:00,25.276187995924158
2023-06-25 23:00:00,25.24820689194793
2023-06-26 00:00:00,23.887634510823915
