fecha;hora;consumo_kWh
2023-04-27;01:00:00;0,8389637777594314
2023-04-27;02:00:00;0,8477355650685734
2023-04-27;03:00:00;0,8514841442030897
2023-04-27;04:00:00;0,8506155532003147
2023-04-27;05:00:00;0,8505329747606368
2023-04-27;06:00:00;0,6509854655994528
2023-04-27;07:00:00;0,6468513350864314
2023-04-27;08:00:00;0,842240475584275
2023-04-27;09:00:00;2,2980309584213425
2023-04-27;10:00:00;2,527457749254833
2023-04-27;11:00:00;2,326365834294052
2023-04-27;12:00:00;2,240844720406284
2023-04-27;13:00:00;2,152435004830847
2023-04-27;14:00:00;2,15780963722908
2023-04-27;15:00:00;1,995324334279014
2023-04-27;16:00:00;1,5514848004912531
2023-04-27;17:00:00;1,3193933990386837
2023-04-27;18:00:00;1,2555362464501647
2023-04-27;19:00:00;1,019198938021765
2023-04-27;20:00:00;0,9546235252199007
2023-04-27;21:00:00;0,9166282831664988
2023-04-27;22:00:00;0,9116460282046281
2023-04-27;23:00:00;0,9096541343503081
2023-04-28;00:00:00;0,7232087451670736
2023-04-28;01:00:00;0,728816491354612
2023-04-28;02:00:00;0,7497788524140052
2023-04-28;03:00:00;0,7539749690116411
2023-04-28;04:00:00;0,7488960955591477
2023-04-28;05:00:00;0,7458120730554785
2023-04-28;06:00:00;0,7334606258901647
2023-04-28;07:00:00;0,728996649189166
2023-04-28;08:00:00;0,8195914660743464
2023-04-28;09:00:00;2,05164593472125
2023-04-28;10:00:00;2,196117278298107
2023-04-28;11:00:00;1,9562181717951879
2023-04-28;12:00:00;1,8156239614436147
2023-04-28;13:00:00;1,7283878080565396
2023-04-28;14:00:00;1,7122237783079508
2023-04-28;15:00:00;1,4579189987988408
2023-04-28;16:00:00;1,0318927359069445
2023-04-28;17:00:00;0,8893172084099346
2023-04-28;18:00:00;0,8654432872341291
2023-04-28;19:00:00;0,7877407297839681
2023-04-28;20:00:00;0,7723947247421533
2023-04-28;21:00:00;0,7520822747214625
2023-04-28;22:00:00;0,741960537045615
2023-04-28;23:00:00;0,734259708248509
2023-04-29;00:00:00;0,6715553910734411
2023-04-29;01:00:00;0,6816544848736471
2023-04-29;02:00:00;0,6970562367012332
2023-04-29;03:00:00;0,6985863882305848
2023-04-29;04:00:00;0,6980206083172393
2023-04-29;05:00:00;0,6985733961464715
2023-04-29;06:00:00;0,7144809035339396
2023-04-29;07:00:00;0,7083593538114752
2023-04-29;08:00:00;0,7396033542104029
2023-04-29;09:00:00;0,7863464949115699
2023-04-29;10:00:00;0,8217708613866008
2023-04-29;11:00:00;0,8005898304595043
2023-04-29;12:00:00;0,7748597757103608
2023-04-29;13:00:00;0,7718138536529303
2023-04-29;14:00:00;0,7729680651197081
2023-04-29;15:00:00;0,7422414558240041
2023-04-29;16:00:00;0,7231091450648947
2023-04-29;17:00:00;0,6324292610661293
2023-04-29;18:00:00;0,6194542237868611
2023-04-29;19:00:00;0,6543505925642555
2023-04-29;20:00:00;0,6563848666193683
2023-04-29;21:00:00;0,6460561559748553
2023-04-29;22:00:00;0,6339681089581983
2023-04-29;23:00:00;0,6317125929552027
2023-04-30;00:00:00;0,49776178390252074
2023-04-30;01:00:00;0,5011574094728862
2023-04-30;02:00:00;0,5053875647863788
2023-04-30;03:00:00;0,5027649048377737
2023-04-30;04:00:00;0,5033369252258009
2023-04-30;05:00:00;0,5016386431071779
2023-04-30;06:00:00;0,525193076975664
2023-04-30;07:00:00;0,5169007389448252
2023-04-30;08:00:00;0,5187491219110617
2023-04-30;09:00:00;0,5368791440985253
2023-04-30;10:00:00;0,529389432289182
2023-04-30;11:00:00;0,5219841706321436
2023-04-30;12:00:00;0,5208173005994027
2023-04-30;13:00:00;0,5015115568730265
2023-04-30;14:00:00;0,5102800323356985
2023-04-30;15:00:00;0,5257950098310996
2023-04-30;16:00:00;0,5246780964858005
2023-04-30;17:00:00;0,5189648870945096
2023-04-30;18:00:00;0,5270068048580595
2023-04-30;19:00:00;0,5016864097077293
2023-04-30;20:00:00;0,5038958708122719
2023-04-30;21:00:00;0,5011065440152428
2023-04-30;22:00:00;0,4991134554520301
2023-04-30;23:00:00;0,4927049058606178
2023-05-01;00:00:00;0,5747675115886256
2023-05-01;01:00:00;0,6076679693461381
2023-05-01;02:00:00;0,6063335873906901
2023-05-01;03:00:00;0,604122914946409
2023-05-01;04:00:00;0,6077011278669537
2023-05-01;05:00:00;0,6075705277093132
2023-05-01;06:00:00;0,5140995631717605
2023-05-01;07:00:00;0,5141592474129068
2023-05-01;08:00:00;0,5170757267772298
2023-05-01;09:00:00;0,5107850937529123
2023-05-01;10:00:00;0,49743053477398097
2023-05-01;11:00:00;0,4909028975565635
2023-05-01;12:00:00;0,4886707940943735
2023-05-01;13:00:00;0,4747757157617085
2023-05-01;14:00:00;0,47729556314187177
2023-05-01;15:00:00;0,49929806137942284
2023-05-01;16:00:00;0,5635662691907644
2023-05-01;17:00:00;0,5532980846531873
2023-05-01;18:00:00;0,5253134596715215
2023-05-01;19:00:00;0,6125637750921071
2023-05-01;20:00:00;0,5544253570122591
2023-05-01;21:00:00;0,5494991381005639
2023-05-01;22:00:00;0,5465442254032787
2023-05-01;23:00:00;0,5382292393252534
2023-05-02;00:00:00;0,5058241776140687
2023-05-02;01:00:00;0,530582151957233
2023-05-02;02:00:00;0,5409408223160026
2023-05-02;03:00:00;0,5316613036921694
2023-05-02;04:00:00;0,5295460310292818
2023-05-02;05:00:00;0,5298887284804498
2023-05-02;06:00:00;0,4743842927854862
2023-05-02;07:00:00;0,472994597109234
2023-05-02;08:00:00;0,5884378421888025
2023-05-02;09:00:00;0,8634129062515467
2023-05-02;10:00:00;0,8964447662872194
2023-05-02;11:00:00;0,8840105834023282
2023-05-02;12:00:00;0,8635080487509506
2023-05-02;13:00:00;0,8512358682403811
2023-05-02;14:00:00;0,8542911318395469
2023-05-02;15:00:00;0,8163846269015965
2023-05-02;16:00:00;0,663594734055863
2023-05-02;17:00:00;0,6038923790251953
2023-05-02;18:00:00;0,5621018391606805
2023-05-02;19:00:00;0,5383697862741018
2023-05-02;20:00:00;0,49587272808744537
2023-05-02;21:00:00;0,4837564168466099
2023-05-02;22:00:00;0,4802780888145123
2023-05-02;23:00:00;0,4814797495234624
2023-05-03;00:00:00;0,5822482528575478
2023-05-03;01:00:00;0,6004905855016298
2023-05-03;02:00:00;0,6048734696887128
2023-05-03;03:00:00;0,6090424981823281
2023-05-03;04:00:00;0,6096794934349021
2023-05-03;05:00:00;0,6108863011621668
2023-05-03;06:00:00;0,7225455266137893
2023-05-03;07:00:00;0,7199096657036317
2023-05-03;08:00:00;0,8598415158021911
2023-05-03;09:00:00;2,3938632049413267
2023-05-03;10:00:00;2,5698829293623215
2023-05-03;11:00:00;2,3975547899224856
2023-05-03;12:00:00;2,3640443056880733
2023-05-03;13:00:00;2,292379256154609
2023-05-03;14:00:00;2,25462847655833
2023-05-03;15:00:00;2,1284793823534263
2023-05-03;16:00:00;1,6556020422384707
2023-05-03;17:00:00;1,4466726983990088
2023-05-03;18:00:00;1,3811100352525665
2023-05-03;19:00:00;0,8670106523649233
2023-05-03;20:00:00;0,7806427660515692
2023-05-03;21:00:00;0,7388657396187347
2023-05-03;22:00:00;0,7369483323997755
2023-05-03;23:00:00;0,7209814395327158
2023-05-04;00:00:00;0,6588025627070586
2023-05-04;01:00:00;0,6673794891471957
2023-05-04;02:00:00;0,6696657123087194
2023-05-04;03:00:00;0,6732828869740782
2023-05-04;04:00:00;0,6763757034111516
2023-05-04;05:00:00;0,6762931249714738
2023-05-04;06:00:00;0,6933840376264138
2023-05-04;07:00:00;0,6874370609462115
2023-05-04;08:00:00;0,8216891079312089
2023-05-04;09:00:00;2,2144154279404136
2023-05-04;10:00:00;2,424447283048577
2023-05-04;11:00:00;2,202424916568904
2023-05-04;12:00:00;2,1047339269326457
2023-05-04;13:00:00;2,022261911976435
2023-05-04;14:00:00;2,0165578028964295
2023-05-04;15:00:00;1,9052167946750163
2023-05-04;16:00:00;1,514580102803088
2023-05-04;17:00:00;1,2819048530791513
2023-05-04;18:00:00;1,2121391778239128
2023-05-04;19:00:00;0,8374690544595473
2023-05-04;20:00:00;0,7562315814175901
2023-05-04;21:00:00;0,7185419953406995
2023-05-04;22:00:00;0,7107805357325341
2023-05-04;23:00:00;0,7067379310464231
2023-05-05;00:00:00;1,1003501311721524
2023-05-05;01:00:00;1,1163441800585403
2023-05-05;02:00:00;1,1315918577626132
2023-05-05;03:00:00;1,1411328600277069
2023-05-05;04:00:00;1,1346394662464474
2023-05-05;05:00:00;1,1346812392516574
2023-05-05;06:00:00;1,3494798985182408
2023-05-05;07:00:00;1,3499564632268697
2023-05-05;08:00:00;1,4676880690410776
2023-05-05;09:00:00;3,2410278736181612
2023-05-05;10:00:00;3,50323547148763
2023-05-05;11:00:00;3,522107671416696
2023-05-05;12:00:00;3,5013414678061623
2023-05-05;13:00:00;3,4547669749024745
2023-05-05;14:00:00;3,3694555227166356
2023-05-05;15:00:00;2,669353248060842
2023-05-05;16:00:00;1,6486934648877916
2023-05-05;17:00:00;1,370218439503169
2023-05-05;18:00:00;1,3576137394938068
2023-05-05;19:00:00;1,0771218843150656
2023-05-05;20:00:00;1,0777731324138176
2023-05-05;21:00:00;1,0640887297557808
2023-05-05;22:00:00;1,0550744123317273
2023-05-05;23:00:00;1,0507928481765745
2023-05-06;00:00:00;0,6306487017543616
2023-05-06;01:00:00;0,6383219580210046
2023-05-06;02:00:00;0,6367347599133707
2023-05-06;03:00:00;0,6332389960285
2023-05-06;04:00:00;0,6327006409815156
2023-05-06;05:00:00;0,6323490816547432
2023-05-06;06:00:00;0,6638501830186528
2023-05-06;07:00:00;0,6572109700837863
2023-05-06;08:00:00;0,6670978762994324
2023-05-06;09:00:00;0,605162151820362
2023-05-06;10:00:00;0,5820477727902647
2023-05-06;11:00:00;0,5679968440264992
2023-05-06;12:00:00;0,5607686540901927
2023-05-06;13:00:00;0,5488639527507401
2023-05-06;14:00:00;0,5621262371129071
2023-05-06;15:00:00;0,5765645114304916
2023-05-06;16:00:00;0,5552977242828796
2023-05-06;17:00:00;0,5590368558071814
2023-05-06;18:00:00;0,5707159093878625
2023-05-06;19:00:00;0,5994498053336934
2023-05-06;20:00:00;0,6284439784607232
2023-05-06;21:00:00;0,6264426738843728
2023-05-06;22:00:00;0,6189499270446545
2023-05-06;23:00:00;0,6095489663472119
2023-05-07;00:00:00;0,5495829774163582
2023-05-07;01:00:00;0,5521721586330011
2023-05-07;02:00:00;0,5476430699309023
2023-05-07;03:00:00;0,5452382706928338
2023-05-07;04:00:00;0,5467694959451683
2023-05-07;05:00:00;0,5444808637127821
2023-05-07;06:00:00;0,5638417143624108
2023-05-07;07:00:00;0,5538991371255374
2023-05-07;08:00:00;0,5594625593667427
2023-05-07;09:00:00;0,5283346580704583
2023-05-07;10:00:00;0,5198576207113123
2023-05-07;11:00:00;0,5147811917295294
2023-05-07;12:00:00;0,5108908959292
2023-05-07;13:00:00;0,48468333525984
2023-05-07;14:00:00;0,496628451663807
2023-05-07;15:00:00;0,5017107235291951
2023-05-07;16:00:00;0,5179680093186548
2023-05-07;17:00:00;0,5073291219301145
2023-05-07;18:00:00;0,5178589132300279
2023-05-07;19:00:00;0,5314783014224799
2023-05-07;20:00:00;0,5368794451679365
2023-05-07;21:00:00;0,5366676884391292
2023-05-07;22:00:00;0,5337908123162395
2023-05-07;23:00:00;0,5243519177060875
2023-05-08;00:00:00;0,5406363530553221
2023-05-08;01:00:00;0,5807215936504952
2023-05-08;02:00:00;0,5857791263199824
2023-05-08;03:00:00;0,5809328876503187
2023-05-08;04:00:00;0,5846574240624639
2023-05-08;05:00:00;0,5844378958217767
2023-05-08;06:00:00;0,47044277544188956
2023-05-08;07:00:00;0,47129539918728863
2023-05-08;08:00:00;0,4951557188253787
2023-05-08;09:00:00;0,779047351852442
2023-05-08;10:00:00;0,8075634839293964
2023-05-08;11:00:00;0,8010837056954397
2023-05-08;12:00:00;0,7972305387054344
2023-05-08;13:00:00;0,7494189081482757
2023-05-08;14:00:00;0,7348988036124893
2023-05-08;15:00:00;0,7262722623140262
2023-05-08;16:00:00;0,616241326980905
2023-05-08;17:00:00;0,5628077701773421
2023-05-08;18:00:00;0,5298173091056765
2023-05-08;19:00:00;0,6205918296055384
2023-05-08;20:00:00;0,5901865375796718
2023-05-08;21:00:00;0,5742264917425794
2023-05-08;22:00:00;0,5639911206173969
2023-05-08;23:00:00;0,5577649080257797
2023-05-09;00:00:00;0,4914621076012552
2023-05-09;01:00:00;0,49426848953722186
2023-05-09;02:00:00;0,5024143747112749
2023-05-09;03:00:00;0,5042088003298792
2023-05-09;04:00:00;0,5054265440544917
2023-05-09;05:00:00;0,5044846375027343
2023-05-09;06:00:00;0,6214128917336877
2023-05-09;07:00:00;0,6191126572088522
2023-05-09;08:00:00;0,8205552864761255
2023-05-09;09:00:00;2,099446348781342
2023-05-09;10:00:00;2,199710905819408
2023-05-09;11:00:00;2,0855553062724463
2023-05-09;12:00:00;2,060599709295379
2023-05-09;13:00:00;1,9885835200364705
2023-05-09;14:00:00;1,9728039385173868
2023-05-09;15:00:00;1,810652854032732
2023-05-09;16:00:00;1,2460895048038705
2023-05-09;17:00:00;1,0107541391428978
2023-05-09;18:00:00;0,9842249115185122
2023-05-09;19:00:00;0,6609950807962685
2023-05-09;20:00:00;0,5835060908348835
2023-05-09;21:00:00;0,551930983268698
2023-05-09;22:00:00;0,5400025339025037
2023-05-09;23:00:00;0,5352721335683971
2023-05-10;00:00:00;0,5997392691411426
2023-05-10;01:00:00;0,6338212765141948
2023-05-10;02:00:00;0,6412453662511634
2023-05-10;03:00:00;0,6439817072243329
2023-05-10;04:00:00;0,6497918675309515
2023-05-10;05:00:00;0,6511096389199567
2023-05-10;06:00:00;0,6512279038084405
2023-05-10;07:00:00;0,6510793837132464
2023-05-10;08:00:00;0,6707061074060424
2023-05-10;09:00:00;1,803699175594835
2023-05-10;10:00:00;1,8449569970467348
2023-05-10;11:00:00;1,6728386763884993
2023-05-10;12:00:00;1,5599521063344612
2023-05-10;13:00:00;1,5152782556633952
2023-05-10;14:00:00;1,5105336403103733
2023-05-10;15:00:00;1,4394976429494613
2023-05-10;16:00:00;1,0771650584300845
2023-05-10;17:00:00;0,8965774042234012
2023-05-10;18:00:00;0,8507961090746937
2023-05-10;19:00:00;0,6754617072951893
2023-05-10;20:00:00;0,6315691474701308
2023-05-10;21:00:00;0,6051199064572362
2023-05-10;22:00:00;0,6015057872410122
2023-05-10;23:00:00;0,5965907585061269
2023-05-11;00:00:00;0,8231090361635831
2023-05-11;01:00:00;0,8389717266741283
2023-05-11;02:00:00;0,8446872226322987
2023-05-11;03:00:00;0,853963225611695
2023-05-11;04:00:00;0,8592483870658199
2023-05-11;05:00:00;0,8635555416851215
2023-05-11;06:00:00;0,9440718826174135
2023-05-11;07:00:00;0,9427530311505651
2023-05-11;08:00:00;1,0257662632483664
2023-05-11;09:00:00;2,8076170367074695
2023-05-11;10:00:00;2,989588217201487
2023-05-11;11:00:00;2,819067308017956
2023-05-11;12:00:00;2,7860021639255432
2023-05-11;13:00:00;2,58454639439482
2023-05-11;14:00:00;2,4873660324736773
2023-05-11;15:00:00;2,1615133934060333
2023-05-11;16:00:00;1,6312250846923977
2023-05-11;17:00:00;1,379570498455801
2023-05-11;18:00:00;1,2002141440246064
2023-05-11;19:00:00;0,8342739906105288
2023-05-11;20:00:00;0,7776375323227794
2023-05-11;21:00:00;0,758366103027109
2023-05-11;22:00:00;0,7617828136740157
2023-05-11;23:00:00;0,7558842912024445
2023-05-12;00:00:00;1,0776071953075885
2023-05-12;01:00:00;1,0864402783745502
2023-05-12;02:00:00;1,0954716003096983
2023-05-12;03:00:00;1,1019427603541776
2023-05-12;04:00:00;1,0997049456212418
2023-05-12;05:00:00;1,099452744931782
2023-05-12;06:00:00;1,2257299356942732
2023-05-12;07:00:00;1,2248318995651357
2023-05-12;08:00:00;1,2440605238118148
2023-05-12;09:00:00;2,755275877164796
2023-05-12;10:00:00;2,8581108535468513
2023-05-12;11:00:00;2,6972572833865422
2023-05-12;12:00:00;2,623823105381103
2023-05-12;13:00:00;2,446193041633851
2023-05-12;14:00:00;2,3405975191006565
2023-05-12;15:00:00;1,999840633685427
2023-05-12;16:00:00;1,4114441426202933
2023-05-12;17:00:00;1,2921001595472388
2023-05-12;18:00:00;1,2393702516604521
2023-05-12;19:00:00;1,08634016737307
2023-05-12;20:00:00;1,0461773338568754
2023-05-12;21:00:00;1,0225501255494212
2023-05-12;22:00:00;1,0276449544069022
2023-05-12;23:00:00;1,0199669632778827
2023-05-13;00:00:00;0,8524454092922088
2023-05-13;01:00:00;0,8589218082151217
2023-05-13;02:00:00;0,8651445682702688
2023-05-13;03:00:00;0,8666016680715857
2023-05-13;04:00:00;0,8671218379176985
2023-05-13;05:00:00;0,8681150636709555
2023-05-13;06:00:00;0,9157420123838065
2023-05-13;07:00:00;0,9122598739391836
2023-05-13;08:00:00;0,9137771422862473
2023-05-13;09:00:00;0,8259239884546603
2023-05-13;10:00:00;0,7738896185206089
2023-05-13;11:00:00;0,7137326918253233
2023-05-13;12:00:00;0,6908141551394902
2023-05-13;13:00:00;0,6743269848388819
2023-05-13;14:00:00;0,6949702432759245
2023-05-13;15:00:00;0,6929062957996507
2023-05-13;16:00:00;0,6801703299276171
2023-05-13;17:00:00;0,6632228959380171
2023-05-13;18:00:00;0,6756108751098543
2023-05-13;19:00:00;0,7683617507385758
2023-05-13;20:00:00;0,7730215631023396
2023-05-13;21:00:00;0,7760040992131255
2023-05-13;22:00:00;0,7725905271228695
2023-05-13;23:00:00;0,7653121164849492
2023-05-14;00:00:00;0,6419680476785699
2023-05-14;01:00:00;0,651152157976393
2023-05-14;02:00:00;0,6519487679256651
2023-05-14;03:00:00;0,6535599016381237
2023-05-14;04:00:00;0,6541601356024385
2023-05-14;05:00:00;0,6545864122552231
2023-05-14;06:00:00;0,6397264626982917
2023-05-14;07:00:00;0,6312146818558746
2023-05-14;08:00:00;0,6322773249551944
2023-05-14;09:00:00;0,6084351363396913
2023-05-14;10:00:00;0,578696366672607
2023-05-14;11:00:00;0,5744464667595474
2023-05-14;12:00:00;0,5726765757669525
2023-05-14;13:00:00;0,5475427673916932
2023-05-14;14:00:00;0,5531192726157754
2023-05-14;15:00:00;0,5574527931497453
2023-05-14;16:00:00;0,5615867923446035
2023-05-14;17:00:00;0,54806420481303
2023-05-14;18:00:00;0,5560451678712932
2023-05-14;19:00:00;0,6055324158403469
2023-05-14;20:00:00;0,614968673156117
2023-05-14;21:00:00;0,6175597648002978
2023-05-14;22:00:00;0,616305621858505
2023-05-14;23:00:00;0,6055646223327166
2023-05-15;00:00:00;0,6351942843828298
2023-05-15;01:00:00;0,6688714631446316
2023-05-15;02:00:00;0,6732708203103306
2023-05-15;03:00:00;0,6738156968106791
2023-05-15;04:00:00;0,6758422276791896
2023-05-15;05:00:00;0,6754414544086852
2023-05-15;06:00:00;0,5335936703742138
2023-05-15;07:00:00;0,5329531395309994
2023-05-15;08:00:00;0,553109664422877
2023-05-15;09:00:00;0,8802036858572687
2023-05-15;10:00:00;0,8845400469872401
2023-05-15;11:00:00;0,8691245687983764
2023-05-15;12:00:00;0,8673502932442584
2023-05-15;13:00:00;0,8389576939314467
2023-05-15;14:00:00;0,8370859785172579
2023-05-15;15:00:00;0,7259430073089139
2023-05-15;16:00:00;0,6113259450697697
2023-05-15;17:00:00;0,5984473500900048
2023-05-15;18:00:00;0,5454727971700847
2023-05-15;19:00:00;0,6164241043082254
2023-05-15;20:00:00;0,581700649909898
2023-05-15;21:00:00;0,5799260164668554
2023-05-15;22:00:00;0,5836346994401972
2023-05-15;23:00:00;0,5757618972021518
2023-05-16;00:00:00;0,747701727794131
2023-05-16;01:00:00;0,7752209737660998
2023-05-16;02:00:00;0,7845078672866806
2023-05-16;03:00:00;0,7928949889088764
2023-05-16;04:00:00;0,7975000561042995
2023-05-16;05:00:00;0,7964878681844653
2023-05-16;06:00:00;0,8389058013342036
2023-05-16;07:00:00;0,8382206441102874
2023-05-16;08:00:00;0,9344592480228393
2023-05-16;09:00:00;2,329781604615312
2023-05-16;10:00:00;2,4368519504100843
2023-05-16;11:00:00;2,1919414810331284
2023-05-16;12:00:00;2,079226471197864
2023-05-16;13:00:00;2,024884670308413
2023-05-16;14:00:00;2,0191860013659806
2023-05-16;15:00:00;1,8533454531488358
2023-05-16;16:00:00;1,2462772869153653
2023-05-16;17:00:00;1,0834777352646883
2023-05-16;18:00:00;0,9619940147333236
2023-05-16;19:00:00;0,7830702789904542
2023-05-16;20:00:00;0,7424774381301026
2023-05-16;21:00:00;0,7311716274536446
2023-05-16;22:00:00;0,7129413206809405
2023-05-16;23:00:00;0,7042560455517005
2023-05-17;00:00:00;0,919711152160075
2023-05-17;01:00:00;0,9402918555873494
2023-05-17;02:00:00;0,9457131109679093
2023-05-17;03:00:00;0,9529683765873321
2023-05-17;04:00:00;0,9548992649907928
2023-05-17;05:00:00;0,9561060727180575
2023-05-17;06:00:00;0,9565208627879154
2023-05-17;07:00:00;0,9596700276257872
2023-05-17;08:00:00;1,0644612220117997
2023-05-17;09:00:00;2,3334786637671963
2023-05-17;10:00:00;2,3884379525420774
2023-05-17;11:00:00;2,2567668034292354
2023-05-17;12:00:00;2,186468991368311
2023-05-17;13:00:00;2,108048425172316
2023-05-17;14:00:00;2,098185561833397
2023-05-17;15:00:00;2,0318719429215077
2023-05-17;16:00:00;1,6927367672105547
2023-05-17;17:00:00;1,4809210401916362
2023-05-17;18:00:00;1,4004794447176905
2023-05-17;19:00:00;1,0691324374303064
2023-05-17;20:00:00;0,9746187974902363
2023-05-17;21:00:00;0,9295425803602915
2023-05-17;22:00:00;0,9342848343904231
2023-05-17;23:00:00;0,9334249978183419
2023-05-18;00:00:00;0,6840277840689409
2023-05-18;01:00:00;0,7037643027818778
2023-05-18;02:00:00;0,7076563265645487
2023-05-18;03:00:00;0,7107580863897137
2023-05-18;04:00:00;0,7169866607059079
2023-05-18;05:00:00;0,7170150459279704
2023-05-18;06:00:00;0,7816201971702454
2023-05-18;07:00:00;0,7797485664195358
2023-05-18;08:00:00;0,8557660983741736
2023-05-18;09:00:00;2,175944464763048
2023-05-18;10:00:00;2,2627045855519206
2023-05-18;11:00:00;2,1006254870268823
2023-05-18;12:00:00;2,06359508817387
2023-05-18;13:00:00;2,015863284413606
2023-05-18;14:00:00;2,0139938724765223
2023-05-18;15:00:00;1,9083731025544501
2023-05-18;16:00:00;1,4309778836501594
2023-05-18;17:00:00;1,1177668718412368
2023-05-18;18:00:00;1,0283112036021926
2023-05-18;19:00:00;0,7074789845766116
2023-05-18;20:00:00;0,6658540141075627
2023-05-18;21:00:00;0,6683487806192264
2023-05-18;22:00:00;0,662945725695912
2023-05-18;23:00:00;0,6630291054405565
2023-05-19;00:00:00;0,554185546414184
2023-05-19;01:00:00;0,5649109894574217
2023-05-19;02:00:00;0,5658065187528137
2023-05-19;03:00:00;0,5656979613896591
2023-05-19;04:00:00;0,5627512234282875
2023-05-19;05:00:00;0,5588147683347158
2023-05-19;06:00:00;0,561626802447742
2023-05-19;07:00:00;0,5585433661390952
2023-05-19;08:00:00;0,572315675361748
2023-05-19;09:00:00;1,5326402781297332
2023-05-19;10:00:00;1,550127404257963
2023-05-19;11:00:00;1,4149984305963699
2023-05-19;12:00:00;1,250902159710192
2023-05-19;13:00:00;1,1823087221482809
2023-05-19;14:00:00;1,1552609641571774
2023-05-19;15:00:00;1,0581207640140669
2023-05-19;16:00:00;0,783155714977203
2023-05-19;17:00:00;0,6798825162696172
2023-05-19;18:00:00;0,6719829382175142
2023-05-19;19:00:00;0,5330669795923683
2023-05-19;20:00:00;0,5493959572147696
2023-05-19;21:00:00;0,549379584639315
2023-05-19;22:00:00;0,5474099853465116
2023-05-19;23:00:00;0,5445512736858737
2023-05-20;00:00:00;0,780268285253319
2023-05-20;01:00:00;0,7851678842582723
2023-05-20;02:00:00;0,7836103486264399
2023-05-20;03:00:00;0,7809836788712127
2023-05-20;04:00:00;0,7814926457774389
2023-05-20;05:00:00;0,7809608744911593
2023-05-20;06:00:00;0,8277474642902773
2023-05-20;07:00:00;0,8219048303640567
2023-05-20;08:00:00;0,8231070890239275
2023-05-20;09:00:00;0,7266646065479268
2023-05-20;10:00:00;0,6889265962849135
2023-05-20;11:00:00;0,6278789181055173
2023-05-20;12:00:00;0,6052100788750833
2023-05-20;13:00:00;0,5837016341253939
2023-05-20;14:00:00;0,6070663050605942
2023-05-20;15:00:00;0,6136693032002525
2023-05-20;16:00:00;0,6277003578394342
2023-05-20;17:00:00;0,6082940851599494
2023-05-20;18:00:00;0,6065420232869271
2023-05-20;19:00:00;0,6452906279979628
2023-05-20;20:00:00;0,655100591812067
2023-05-20;21:00:00;0,6667342883889942
2023-05-20;22:00:00;0,6605212009387972
2023-05-20;23:00:00;0,6505250927805614
2023-05-21;00:00:00;0,6879615019777832
2023-05-21;01:00:00;0,6952045188447695
2023-05-21;02:00:00;0,6966540864340739
2023-05-21;03:00:00;0,6980023889780866
2023-05-21;04:00:00;0,6990945817851126
2023-05-21;05:00:00;0,6991339446971142
2023-05-21;06:00:00;0,6838338254741579
2023-05-21;07:00:00;0,6791506358544321
2023-05-21;08:00:00;0,678312743310402
2023-05-21;09:00:00;0,6232632953488331
2023-05-21;10:00:00;0,5908580374571574
2023-05-21;11:00:00;0,5721712066266532
2023-05-21;12:00:00;0,5689894002363567
2023-05-21;13:00:00;0,5444828617246196
2023-05-21;14:00:00;0,5530361921385348
2023-05-21;15:00:00;0,5779398236962333
2023-05-21;16:00:00;0,5831633646315163
2023-05-21;17:00:00;0,5750317098414331
2023-05-21;18:00:00;0,5802722455910049
2023-05-21;19:00:00;0,6430635849748154
2023-05-21;20:00:00;0,6624846183824405
2023-05-21;21:00:00;0,6658725329344981
2023-05-21;22:00:00;0,6626581870269834
2023-05-21;23:00:00;0,6494786683848094
2023-05-22;00:00:00;0,5877736999904866
2023-05-22;01:00:00;0,6219532070912865
2023-05-22;02:00:00;0,6273884282639581
2023-05-22;03:00:00;0,625114926937721
2023-05-22;04:00:00;0,6306136528861872
2023-05-22;05:00:00;0,6308900840371228
2023-05-22;06:00:00;0,51740641906228
2023-05-22;07:00:00;0,5182590428076791
2023-05-22;08:00:00;0,539177357999161
2023-05-22;09:00:00;0,8311920344075554
2023-05-22;10:00:00;0,8313327706201644
2023-05-22;11:00:00;0,7994299966333503
2023-05-22;12:00:00;0,7919596639192263
2023-05-22;13:00:00;0,7801809935786256
2023-05-22;14:00:00;0,7796945904145768
2023-05-22;15:00:00;0,8104513652491213
2023-05-22;16:00:00;0,7314112522979815
2023-05-22;17:00:00;0,675070318751822
2023-05-22;18:00:00;0,6079617102462167
2023-05-22;19:00:00;0,618876519132944
2023-05-22;20:00:00;0,5745274336727143
2023-05-22;21:00:00;0,5605761587453292
2023-05-22;22:00:00;0,5505621476948149
2023-05-22;23:00:00;0,5440914726430297
2023-05-23;00:00:00;0,5023683735263119
2023-05-23;01:00:00;0,5114662821447378
2023-05-23;02:00:00;0,5204287091069193
2023-05-23;03:00:00;0,5196926641177912
2023-05-23;04:00:00;0,5202760514662939
2023-05-23;05:00:00;0,520190600992786
2023-05-23;06:00:00;0,5623756246392405
2023-05-23;07:00:00;0,559844499976165
2023-05-23;08:00:00;0,7561170835441494
2023-05-23;09:00:00;2,021472032037512
2023-05-23;10:00:00;2,138268730787159
2023-05-23;11:00:00;2,0300841304964625
2023-05-23;12:00:00;1,9681792924812724
2023-05-23;13:00:00;1,8731405926134044
2023-05-23;14:00:00;1,850756333877455
2023-05-23;15:00:00;1,755673923090078
2023-05-23;16:00:00;1,2892765432029454
2023-05-23;17:00:00;1,0838566470355362
2023-05-23;18:00:00;0,9952817909994588
2023-05-23;19:00:00;0,6464938870435685
2023-05-23;20:00:00;0,5827631761942721
2023-05-23;21:00:00;0,5597676300481711
2023-05-23;22:00:00;0,5498851482694272
2023-05-23;23:00:00;0,5487070866883782
2023-05-24;00:00:00;0,547789492661212
2023-05-24;01:00:00;0,5621314782033578
2023-05-24;02:00:00;0,5724718320785279
2023-05-24;03:00:00;0,5812716002656426
2023-05-24;04:00:00;0,5856173155359695
2023-05-24;05:00:00;0,5868241232632342
2023-05-24;06:00:00;0,575319506618759
2023-05-24;07:00:00;0,5720593874104363
2023-05-24;08:00:00;0,7202867971326179
2023-05-24;09:00:00;2,351032141694752
2023-05-24;10:00:00;2,610975624764192
2023-05-24;11:00:00;2,4128852146864026
2023-05-24;12:00:00;2,3417134607192303
2023-05-24;13:00:00;2,2361991305515483
2023-05-24;14:00:00;2,1899431404862244
2023-05-24;15:00:00;2,016569927046082
2023-05-24;16:00:00;1,549338655600196
2023-05-24;17:00:00;1,3382285998804442
2023-05-24;18:00:00;1,2170436656373178
2023-05-24;19:00:00;0,8417679868005034
2023-05-24;20:00:00;0,7039573200738312
2023-05-24;21:00:00;0,6469719385450502
2023-05-24;22:00:00;0,649634308758881
2023-05-24;23:00:00;0,6440155024544443
2023-05-25;00:00:00;0,5909384783633057
2023-05-25;01:00:00;0,5988601504224319
2023-05-25;02:00:00;0,6104983369048593
2023-05-25;03:00:00;0,6102677469791699
2023-05-25;04:00:00;0,6143376444995592
2023-05-25;05:00:00;0,6133040364629211
2023-05-25;06:00:00;0,6406089295664817
2023-05-25;07:00:00;0,6387372988157719
2023-05-25;08:00:00;0,7508677632676596
2023-05-25;09:00:00;2,133289938543638
2023-05-25;10:00:00;2,284600557100026
2023-05-25;11:00:00;2,1590165646607686
2023-05-25;12:00:00;2,1303278726925594
2023-05-25;13:00:00;2,0403446091830486
2023-05-25;14:00:00;2,01197526123476
2023-05-25;15:00:00;1,8275878820127387
2023-05-25;16:00:00;1,409224582430009
2023-05-25;17:00:00;1,1552683006896745
2023-05-25;18:00:00;1,0680728888362123
2023-05-25;19:00:00;0,704888038795937
2023-05-25;20:00:00;0,6445519291460902
2023-05-25;21:00:00;0,6296931924655349
2023-05-25;22:00:00;0,6375066521547749
2023-05-25;23:00:00;0,6347256478207691
2023-05-26;00:00:00;0,7493993299693293
2023-05-26;01:00:00;0,7584438238511042
2023-05-26;02:00:00;0,7752559010820252
2023-05-26;03:00:00;0,7775655063041093
2023-05-26;04:00:00;0,77647192577207
2023-05-26;05:00:00;0,7735151719980089
2023-05-26;06:00:00;0,7956881718408931
2023-05-26;07:00:00;0,7890387949603852
2023-05-26;08:00:00;0,8730057727633389
2023-05-26;09:00:00;2,1385767227759724
2023-05-26;10:00:00;2,330865496254618
2023-05-26;11:00:00;2,1314234938988723
2023-05-26;12:00:00;2,0219624716550784
2023-05-26;13:00:00;1,9131647664052227
2023-05-26;14:00:00;1,888776564811824
2023-05-26;15:00:00;1,6127895006237738
2023-05-26;16:00:00;1,1690468247070593
2023-05-26;17:00:00;0,9672593139151692
2023-05-26;18:00:00;0,9386091073277021
2023-05-26;19:00:00;0,7835151239718738
2023-05-26;20:00:00;0,7617157662588974
2023-05-26;21:00:00;0,7491799760234419
2023-05-26;22:00:00;0,73988248809098
2023-05-26;23:00:00;0,7384345746163609
2023-05-27;00:00:00;0,778911641745152
2023-05-27;01:00:00;0,7792340454744016
2023-05-27;02:00:00;0,7895571526119576
2023-05-27;03:00:00;0,788108175346208
2023-05-27;04:00:00;0,7887807532228118
2023-05-27;05:00:00;0,7874624981660621
2023-05-27;06:00:00;0,8912950116552854
2023-05-27;07:00:00;0,8879425908783356
2023-05-27;08:00:00;0,8966313510377251
2023-05-27;09:00:00;0,8860068586401845
2023-05-27;10:00:00;0,8758748678519692
2023-05-27;11:00:00;0,8464068552470829
2023-05-27;12:00:00;0,8341278223637771
2023-05-27;13:00:00;0,8353135841533251
2023-05-27;14:00:00;0,8441516585250639
2023-05-27;15:00:00;0,8128885961996748
2023-05-27;16:00:00;0,7611462413458955
2023-05-27;17:00:00;0,7219826694469792
2023-05-27;18:00:00;0,720311580377113
2023-05-27;19:00:00;0,6672504146083337
2023-05-27;20:00:00;0,6925321359407078
2023-05-27;21:00:00;0,7017847674540822
2023-05-27;22:00:00;0,7027757276968611
2023-05-27;23:00:00;0,7039569928933233
2023-05-28;00:00:00;0,5347156661548654
2023-05-28;01:00:00;0,5369291384023374
2023-05-28;02:00:00;0,5451527970295872
2023-05-28;03:00:00;0,5396238965028053
2023-05-28;04:00:00;0,5405275580388996
2023-05-28;05:00:00;0,5393932545268959
2023-05-28;06:00:00;0,5582371572851543
2023-05-28;07:00:00;0,5528646353536196
2023-05-28;08:00:00;0,5562637974973726
2023-05-28;09:00:00;0,5556114011437538
2023-05-28;10:00:00;0,5489443221702622
2023-05-28;11:00:00;0,5383910584030595
2023-05-28;12:00:00;0,5438021501097724
2023-05-28;13:00:00;0,5372788775809292
2023-05-28;14:00:00;0,5491228557781432
2023-05-28;15:00:00;0,5554378900168617
2023-05-28;16:00:00;0,5193178448985828
2023-05-28;17:00:00;0,5118009855180157
2023-05-28;18:00:00;0,5126809342828516
2023-05-28;19:00:00;0,5000158700622774
2023-05-28;20:00:00;0,5191982783140322
2023-05-28;21:00:00;0,5264668725463512
2023-05-28;22:00:00;0,5252434493149697
2023-05-28;23:00:00;0,5175637524863645
2023-05-29;00:00:00;0,5993231226372787
2023-05-29;01:00:00;0,6170983691755042
2023-05-29;02:00:00;0,6233926234916848
2023-05-29;03:00:00;0,614224627255698
2023-05-29;04:00:00;0,6141712458838331
2023-05-29;05:00:00;0,6144476770347687
2023-05-29;06:00:00;0,4851350348083369
2023-05-29;07:00:00;0,48387024566695763
2023-05-29;08:00:00;0,5246376074445231
2023-05-29;09:00:00;0,7890724435707567
2023-05-29;10:00:00;0,8283617102690692
2023-05-29;11:00:00;0,8250629961681767
2023-05-29;12:00:00;0,8222828090602133
2023-05-29;13:00:00;0,8046560158928265
2023-05-29;14:00:00;0,7919846538255249
2023-05-29;15:00:00;0,7820975183720464
2023-05-29;16:00:00;0,6772140791270594
2023-05-29;17:00:00;0,6076944137537089
2023-05-29;18:00:00;0,5579873272021556
2023-05-29;19:00:00;0,5883824583684599
2023-05-29;20:00:00;0,5528004599103498
2023-05-29;21:00:00;0,5572913840788187
2023-05-29;22:00:00;0,5609190490079106
2023-05-29;23:00:00;0,5578198799997803
2023-05-30;00:00:00;0,5304514083028677
2023-05-30;01:00:00;0,542033838962765
2023-05-30;02:00:00;0,5514549834910991
2023-05-30;03:00:00;0,5477993823065997
2023-05-30;04:00:00;0,5451267584906726
2023-05-30;05:00:00;0,5463795889547108
2023-05-30;06:00:00;0,5626713877887479
2023-05-30;07:00:00;0,5606930424095334
2023-05-30;08:00:00;0,7136675983823457
2023-05-30;09:00:00;2,035280031003908
2023-05-30;10:00:00;2,1345062770010377
2023-05-30;11:00:00;2,025091352095757
2023-05-30;12:00:00;1,9198326110941633
2023-05-30;13:00:00;1,8129911249035175
2023-05-30;14:00:00;1,7981982550442315
2023-05-30;15:00:00;1,6796646672668698
2023-05-30;16:00:00;1,145453269443531
2023-05-30;17:00:00;1,0106992462859932
2023-05-30;18:00:00;0,956075895084491
2023-05-30;19:00:00;0,6547701729003407
2023-05-30;20:00:00;0,5924398831071042
2023-05-30;21:00:00;0,5657229700747686
2023-05-30;22:00:00;0,5569602870462568
2023-05-30;23:00:00;0,5543905500481502
2023-05-31;00:00:00;0,5484505348398679
2023-05-31;01:00:00;0,556823414315086
2023-05-31;02:00:00;0,5698185301626888
2023-05-31;03:00:00;0,571003270623902
2023-05-31;04:00:00;0,5708813398263496
2023-05-31;05:00:00;0,5720881475536143
2023-05-31;06:00:00;0,5970759559810582
2023-05-31;07:00:00;0,5919054745022755
2023-05-31;08:00:00;0,8119257867815975
2023-05-31;09:00:00;2,284555385290321
2023-05-31;10:00:00;2,539903224747934
2023-05-31;11:00:00;2,439153478651212
2023-05-31;12:00:00;2,3831434290358517
2023-05-31;13:00:00;2,318293462963693
2023-05-31;14:00:00;2,2994665594515555
2023-05-31;15:00:00;2,1146618976949596
2023-05-31;16:00:00;1,5096347006685493
2023-05-31;17:00:00;1,141193039137987
2023-05-31;18:00:00;1,0454095226963684
2023-05-31;19:00:00;0,6624824645686461
2023-05-31;20:00:00;0,5659139246251401
2023-05-31;21:00:00;0,5458023852695176
2023-05-31;22:00:00;0,5461280447550612
2023-05-31;23:00:00;0,5437800797951993
2023-06-01;00:00:00;0,5788745432145906
2023-06-01;01:00:00;0,5938487662526305
2023-06-01;02:00:00;0,6068974786674876
2023-06-01;03:00:00;0,5951706008998907
2023-06-01;04:00:00;0,595557407989868
2023-06-01;05:00:00;0,5958671352780137
2023-06-01;06:00:00;0,6300880833225513
2023-06-01;07:00:00;0,6289996539836332
2023-06-01;08:00:00;0,7112831405945901
2023-06-01;09:00:00;1,4794980872643304
2023-06-01;10:00:00;1,5067736368920954
2023-06-01;11:00:00;1,4107946216510585
2023-06-01;12:00:00;1,3375748250771737
2023-06-01;13:00:00;1,2777370152818384
2023-06-01;14:00:00;1,2780161305053979
2023-06-01;15:00:00;1,2200631246070706
2023-06-01;16:00:00;0,9069927806322393
2023-06-01;17:00:00;0,8488518333418426
2023-06-01;18:00:00;0,8038822403569391
2023-06-01;19:00:00;0,6764675456172788
2023-06-01;20:00:00;0,6614127457279378
2023-06-01;21:00:00;0,6545075858176406
2023-06-01;22:00:00;0,6426853082683046
2023-06-01;23:00:00;0,6420516440715853
2023-06-02;00:00:00;0,677259712801671
2023-06-02;01:00:00;0,6878033070864864
2023-06-02;02:00:00;0,7097899624145834
2023-06-02;03:00:00;0,710489009615024
2023-06-02;04:00:00;0,705882092755771
2023-06-02;05:00:00;0,7064426597049689
2023-06-02;06:00:00;0,709764853070376
2023-06-02;07:00:00;0,7082140489690146
2023-06-02;08:00:00;0,8678506519993676
2023-06-02;09:00:00;1,9203088513433155
2023-06-02;10:00:00;2,0490898900466887
2023-06-02;11:00:00;1,897773349374993
2023-06-02;12:00:00;1,8146667720095715
2023-06-02;13:00:00;1,7178945365073308
2023-06-02;14:00:00;1,6981622661081788
2023-06-02;15:00:00;1,4481220299231248
2023-06-02;16:00:00;1,1081604702750636
2023-06-02;17:00:00;0,9877116896728476
2023-06-02;18:00:00;0,9497072585738624
2023-06-02;19:00:00;0,7358824340652392
2023-06-02;20:00:00;0,6910019467573144
2023-06-02;21:00:00;0,6713347793719946
2023-06-02;22:00:00;0,6683549107865946
2023-06-02;23:00:00;0,6641405041411729
2023-06-03;00:00:00;0,5758692451961643
2023-06-03;01:00:00;0,5884219718844584
2023-06-03;02:00:00;0,6041345346436277
2023-06-03;03:00:00;0,6035601082950344
2023-06-03;04:00:00;0,5999790498986544
2023-06-03;05:00:00;0,5996540907608293
2023-06-03;06:00:00;0,6869125352930178
2023-06-03;07:00:00;0,6807052016273281
2023-06-03;08:00:00;0,7077204619602918
2023-06-03;09:00:00;0,6775784779314462
2023-06-03;10:00:00;0,649139115807519
2023-06-03;11:00:00;0,6133033739880615
2023-06-03;12:00:00;0,5953072486937098
2023-06-03;13:00:00;0,5880793670029081
2023-06-03;14:00:00;0,5979296814672421
2023-06-03;15:00:00;0,6217970961454692
2023-06-03;16:00:00;0,6295353741655254
2023-06-03;17:00:00;0,5645773363645409
2023-06-03;18:00:00;0,5756955259142686
2023-06-03;19:00:00;0,5463979438524452
2023-06-03;20:00:00;0,5537003239164332
2023-06-03;21:00:00;0,5519463820731414
2023-06-03;22:00:00;0,5528072537118178
2023-06-03;23:00:00;0,5459807337344692
2023-06-04;00:00:00;0,5078911051731648
2023-06-04;01:00:00;0,5079270548799134
2023-06-04;02:00:00;0,516171920676346
2023-06-04;03:00:00;0,5110235475107343
2023-06-04;04:00:00;0,5108271851294076
2023-06-04;05:00:00;0,5094592282367578
2023-06-04;06:00:00;0,5440200589311198
2023-06-04;07:00:00;0,5379352618009491
2023-06-04;08:00:00;0,544648037763196
2023-06-04;09:00:00;0,5694343014134517
2023-06-04;10:00:00;0,564179188944761
2023-06-04;11:00:00;0,5479020438909151
2023-06-04;12:00:00;0,5521412549974426
2023-06-04;13:00:00;0,5393226606815652
2023-06-04;14:00:00;0,5435346671517407
2023-06-04;15:00:00;0,548423127194893
2023-06-04;16:00:00;0,5250688784563218
2023-06-04;17:00:00;0,5382117985971241
2023-06-04;18:00:00;0,541252439379724
2023-06-04;19:00:00;0,5033241287173228
2023-06-04;20:00:00;0,5147280194363171
2023-06-04;21:00:00;0,5192754788915047
2023-06-04;22:00:00;0,5186850930691368
2023-06-04;23:00:00;0,5127499118146663
2023-06-05;00:00:00;0,5414858552859559
2023-06-05;01:00:00;0,5603407257030975
2023-06-05;02:00:00;0,5670516945116458
2023-06-05;03:00:00;0,5564150442209759
2023-06-05;04:00:00;0,554202945133254
2023-06-05;05:00:00;0,5558176572217356
2023-06-05;06:00:00;0,4597462245728545
2023-06-05;07:00:00;0,4587118575594054
2023-06-05;08:00:00;0,5323207791956042
2023-06-05;09:00:00;0,7632146093602802
2023-06-05;10:00:00;0,7826103862063442
2023-06-05;11:00:00;0,77324428528571
2023-06-05;12:00:00;0,7744714720066983
2023-06-05;13:00:00;0,7603252494134636
2023-06-05;14:00:00;0,7554288267426627
2023-06-05;15:00:00;0,7591731131774677
2023-06-05;16:00:00;0,661446460361431
2023-06-05;17:00:00;0,6105796609054404
2023-06-05;18:00:00;0,5833347090011975
2023-06-05;19:00:00;0,6061940431725824
2023-06-05;20:00:00;0,5603840171962714
2023-06-05;21:00:00;0,553983616458312
2023-06-05;22:00:00;0,5543183370330657
2023-06-05;23:00:00;0,5484999641824223
2023-06-06;00:00:00;0,5375492212480162
2023-06-06;01:00:00;0,5637448602804498
2023-06-06;02:00:00;0,5774623719664613
2023-06-06;03:00:00;0,5693586317779152
2023-06-06;04:00:00;0,5664730456069131
2023-06-06;05:00:00;0,5698190807808963
2023-06-06;06:00:00;0,47898661826707695
2023-06-06;07:00:00;0,4775969225908247
2023-06-06;08:00:00;0,6215478037320127
2023-06-06;09:00:00;1,4572796911672496
2023-06-06;10:00:00;1,494039152094866
2023-06-06;11:00:00;1,3781336562328814
2023-06-06;12:00:00;1,2697335307383024
2023-06-06;13:00:00;1,202402547661396
2023-06-06;14:00:00;1,1955810470436514
2023-06-06;15:00:00;1,1321212321559342
2023-06-06;16:00:00;0,8424042655963083
2023-06-06;17:00:00;0,7768814625268698
2023-06-06;18:00:00;0,7431160059266905
2023-06-06;19:00:00;0,6179452569816776
2023-06-06;20:00:00;0,5782089288122098
2023-06-06;21:00:00;0,56282118676372
2023-06-06;22:00:00;0,5628552348725312
2023-06-06;23:00:00;0,5617065409594906
2023-06-07;00:00:00;0,5334841223929552
2023-06-07;01:00:00;0,549497187897637
2023-06-07;02:00:00;0,564356906611407
2023-06-07;03:00:00;0,570867584208386
2023-06-07;04:00:00;0,5712440184266043
2023-06-07;05:00:00;0,5742267217950174
2023-06-07;06:00:00;0,5051264456470456
2023-06-07;07:00:00;0,5013135471548615
2023-06-07;08:00:00;0,7490729223601953
2023-06-07;09:00:00;2,0926899877624803
2023-06-07;10:00:00;2,3179359332198235
2023-06-07;11:00:00;2,142578831663425
2023-06-07;12:00:00;2,0823981654105075
2023-06-07;13:00:00;2,015312226552107
2023-06-07;14:00:00;1,9919161255025863
2023-06-07;15:00:00;1,843040648540109
2023-06-07;16:00:00;1,403031240601268
2023-06-07;17:00:00;1,1790192923654355
2023-06-07;18:00:00;1,0946058418926594
2023-06-07;19:00:00;0,7234957317812045
2023-06-07;20:00:00;0,6112386829153023
2023-06-07;21:00:00;0,5734203048812048
2023-06-07;22:00:00;0,5756165696515539
2023-06-07;23:00:00;0,5713422025536427
2023-06-08;00:00:00;0,566621616971104
2023-06-08;01:00:00;0,5874991566591776
2023-06-08;02:00:00;0,596579054606271
2023-06-08;03:00:00;0,5928977123690162
2023-06-08;04:00:00;0,5954530288091249
2023-06-08;05:00:00;0,5971463460105955
2023-06-08;06:00:00;0,5918332815937981
2023-06-08;07:00:00;0,5899616508430885
2023-06-08;08:00:00;0,7411733601628597
2023-06-08;09:00:00;1,9903505935554264
2023-06-08;10:00:00;2,0728409106363066
2023-06-08;11:00:00;1,9027736103677473
2023-06-08;12:00:00;1,8318069603512417
2023-06-08;13:00:00;1,7718266282207487
2023-06-08;14:00:00;1,755759481010765
2023-06-08;15:00:00;1,683211848552187
2023-06-08;16:00:00;1,2663485320252392
2023-06-08;17:00:00;1,0724323576705768
2023-06-08;18:00:00;1,0204391939766109
2023-06-08;19:00:00;0,6696484442174441
2023-06-08;20:00:00;0,6327414234660139
2023-06-08;21:00:00;0,6191814835747134
2023-06-08;22:00:00;0,6111194852173291
2023-06-08;23:00:00;0,6116044419246954
2023-06-09;00:00:00;0,6835507368930259
2023-06-09;01:00:00;0,688094704510557
2023-06-09;02:00:00;0,7057139935313753
2023-06-09;03:00:00;0,7053860625479327
2023-06-09;04:00:00;0,7037319470771712
2023-06-09;05:00:00;0,7025705781549635
2023-06-09;06:00:00;0,5847165928717422
2023-06-09;07:00:00;0,581252688064938
2023-06-09;08:00:00;0,67993967381363
2023-06-09;09:00:00;1,73500492109225
2023-06-09;10:00:00;1,8428621394130047
2023-06-09;11:00:00;1,6807359554306336
2023-06-09;12:00:00;1,5850045796626149
2023-06-09;13:00:00;1,5142876022393303
2023-06-09;14:00:00;1,5123762738894604
2023-06-09;15:00:00;1,2981787678721761
2023-06-09;16:00:00;0,8503256379660652
2023-06-09;17:00:00;0,6429998103026163
2023-06-09;18:00:00;0,6332754698395224
2023-06-09;19:00:00;0,6523653017027146
2023-06-09;20:00:00;0,6789066948998768
2023-06-09;21:00:00;0,6961963043056748
2023-06-09;22:00:00;0,7011332969879488
2023-06-09;23:00:00;0,6950991182463104
2023-06-10;00:00:00;0,6028832989699743
2023-06-10;01:00:00;0,6151854137992744
2023-06-10;02:00:00;0,628752882238452
2023-06-10;03:00:00;0,629898799166716
2023-06-10;04:00:00;0,6279352049915795
2023-06-10;05:00:00;0,6269593199596948
2023-06-10;06:00:00;0,6551644766925867
2023-06-10;07:00:00;0,649017527398706
2023-06-10;08:00:00;0,6683768210239363
2023-06-10;09:00:00;0,6927302858593589
2023-06-10;10:00:00;0,6905192231853451
2023-06-10;11:00:00;0,6546990512392733
2023-06-10;12:00:00;0,6433950923861459
2023-06-10;13:00:00;0,6390011588991217
2023-06-10;14:00:00;0,6454766844919667
2023-06-10;15:00:00;0,6403049660505665
2023-06-10;16:00:00;0,6159047781963111
2023-06-10;17:00:00;0,5603661292594079
2023-06-10;18:00:00;0,5582933186544508
2023-06-10;19:00:00;0,596084118212436
2023-06-10;20:00:00;0,6185165133237176
2023-06-10;21:00:00;0,6219915018691057
2023-06-10;22:00:00;0,6214856655222322
2023-06-10;23:00:00;0,6192686017065699
2023-06-11;00:00:00;0,551316044067698
2023-06-11;01:00:00;0,5538936567028624
2023-06-11;02:00:00;0,5590164993518207
2023-06-11;03:00:00;0,551369762607012
2023-06-11;04:00:00;0,551430257171437
2023-06-11;05:00:00;0,5491293865039667
2023-06-11;06:00:00;0,5303569690365786
2023-06-11;07:00:00;0,5250485900720618
2023-06-11;08:00:00;0,5303617090044986
2023-06-11;09:00:00;0,5655512208915228
2023-06-11;10:00:00;0,5592488167448452
2023-06-11;11:00:00;0,5448662629201093
2023-06-11;12:00:00;0,5479622260590613
2023-06-11;13:00:00;0,5376469625332665
2023-06-11;14:00:00;0,5399586799517656
2023-06-11;15:00:00;0,530804381546795
2023-06-11;16:00:00;0,5029493021181269
2023-06-11;17:00:00;0,526250359703422
2023-06-11;18:00:00;0,5335104999059019
2023-06-11;19:00:00;0,5359320906230038
2023-06-11;20:00:00;0,5566416928189395
2023-06-11;21:00:00;0,5653235403475366
2023-06-11;22:00:00;0,5718888159306585
2023-06-11;23:00:00;0,5685494106068796
2023-06-12;00:00:00;0,5718138927552957
2023-06-12;01:00:00;0,5889364823578583
2023-06-12;02:00:00;0,5952959114854163
2023-06-12;03:00:00;0,5852680445715875
2023-06-12;04:00:00;0,5838247308647632
2023-06-12;05:00:00;0,5866282239153169
2023-06-12;06:00:00;0,5344702960217046
2023-06-12;07:00:00;0,534003221775717
2023-06-12;08:00:00;0,6056960653245477
2023-06-12;09:00:00;0,9095062557581004
2023-06-12;10:00:00;0,9276316900656371
2023-06-12;11:00:00;0,9162537988651509
2023-06-12;12:00:00;0,9164011401973718
2023-06-12;13:00:00;0,9065159333400316
2023-06-12;14:00:00;0,9111482237844725
2023-06-12;15:00:00;0,9239140679650598
2023-06-12;16:00:00;0,810051587851253
2023-06-12;17:00:00;0,7192300188031483
2023-06-12;18:00:00;0,6599525493825344
2023-06-12;19:00:00;0,6512801533224034
2023-06-12;20:00:00;0,6199825808999322
2023-06-12;21:00:00;0,612536952567267
2023-06-12;22:00:00;0,6155248434610928
2023-06-12;23:00:00;0,6133061403771499
2023-06-13;00:00:00;0,5519400343211406
2023-06-13;01:00:00;0,5643406138479525
2023-06-13;02:00:00;0,5716236282931246
2023-06-13;03:00:00;0,5682521663898795
2023-06-13;04:00:00;0,5654633145884921
2023-06-13;05:00:00;0,5665066900708653
2023-06-13;06:00:00;0,5827985088107314
2023-06-13;07:00:00;0,580820163431517
2023-06-13;08:00:00;0,7740809342894711
2023-06-13;09:00:00;2,01196183767106
2023-06-13;10:00:00;2,131568129727291
2023-06-13;11:00:00;2,0486629869225674
2023-06-13;12:00:00;1,9437220108690492
2023-06-13;13:00:00;1,8428702889923876
2023-06-13;14:00:00;1,8340878606400586
2023-06-13;15:00:00;1,715416813453649
2023-06-13;16:00:00;1,1674553744667984
2023-06-13;17:00:00;0,9870954662933838
2023-06-13;18:00:00;0,9168723330388797
2023-06-13;19:00:00;0,6344506816337149
2023-06-13;20:00:00;0,5880833514204042
2023-06-13;21:00:00;0,5661651814090752
2023-06-13;22:00:00;0,5583938953047658
2023-06-13;23:00:00;0,5556238964514161
2023-06-14;00:00:00;0,5270942762459987
2023-06-14;01:00:00;0,5347260159731241
2023-06-14;02:00:00;0,5483782374095798
2023-06-14;03:00:00;0,5492631317025969
2023-06-14;04:00:00;0,5504246199825338
2023-06-14;05:00:00;0,5514319700332817
2023-06-14;06:00:00;0,6236852690479031
2023-06-14;07:00:00;0,6228210236368531
2023-06-14;08:00:00;0,7558500555027902
2023-06-14;09:00:00;2,1048099766690878
2023-06-14;10:00:00;2,233828362624059
2023-06-14;11:00:00;2,135138482192608
2023-06-14;12:00:00;2,0777441277589612
2023-06-14;13:00:00;1,9783396178144825
2023-06-14;14:00:00;1,955963326388332
2023-06-14;15:00:00;1,8767212036876157
2023-06-14;16:00:00;1,535132255992377
2023-06-14;17:00:00;1,381899537449294
2023-06-14;18:00:00;1,2886181015618492
2023-06-14;19:00:00;0,784376625884121
2023-06-14;20:00:00;0,677653173866261
2023-06-14;21:00:00;0,6299263018854385
2023-06-14;22:00:00;0,6296720433618728
2023-06-14;23:00:00;0,628607396665682
2023-06-15;00:00:00;0,602871904083058
2023-06-15;01:00:00;0,6226742534060429
2023-06-15;02:00:00;0,6272007973000945
2023-06-15;03:00:00;0,6275046667615163
2023-06-15;04:00:00;0,6280448916673566
2023-06-15;05:00:00;0,6297382088688274
2023-06-15;06:00:00;0,6324958258309216
2023-06-15;07:00:00;0,6306241950802117
2023-06-15;08:00:00;0,7940211519722837
2023-06-15;09:00:00;2,0915728159631093
2023-06-15;10:00:00;2,1851497542853973
2023-06-15;11:00:00;2,024412471364209
2023-06-15;12:00:00;1,954701309194019
2023-06-15;13:00:00;1,8860557926586237
2023-06-15;14:00:00;1,8763236758816417
2023-06-15;15:00:00;1,7787555800242199
2023-06-15;16:00:00;1,3600289351129344
2023-06-15;17:00:00;1,1411548753374339
2023-06-15;18:00:00;1,0947516485997153
2023-06-15;19:00:00;0,7611512108201758
2023-06-15;20:00:00;0,7183120593798279
2023-06-15;21:00:00;0,7062228325558951
2023-06-15;22:00:00;0,7038289703029018
2023-06-15;23:00:00;0,701372118628574
2023-06-16;00:00:00;0,5980407309038455
2023-06-16;01:00:00;0,6028322416072361
2023-06-16;02:00:00;0,6174279531992763
2023-06-16;03:00:00;0,6103407357068857
2023-06-16;04:00:00;0,6068944896666306
2023-06-16;05:00:00;0,6066566253623826
2023-06-16;06:00:00;0,5344458055464643
2023-06-16;07:00:00;0,5331371934606294
2023-06-16;08:00:00;0,6047631635775866
2023-06-16;09:00:00;1,3680125035423125
2023-06-16;10:00:00;1,3670724101229246
2023-06-16;11:00:00;1,2516410367211668
2023-06-16;12:00:00;1,119550128434003
2023-06-16;13:00:00;1,060726639951327
2023-06-16;14:00:00;1,051059958118275
2023-06-16;15:00:00;0,9766525335979686
2023-06-16;16:00:00;0,8053487983946344
2023-06-16;17:00:00;0,7995810402684796
2023-06-16;18:00:00;0,8149640110374509
2023-06-16;19:00:00;0,6830562297827034
2023-06-16;20:00:00;0,6931320098888686
2023-06-16;21:00:00;0,6921671864977463
2023-06-16;22:00:00;0,6881300740039575
2023-06-16;23:00:00;0,6854590417808597
2023-06-17;00:00:00;0,5851089350608814
2023-06-17;01:00:00;0,5862294049298397
2023-06-17;02:00:00;0,5922882543296508
2023-06-17;03:00:00;0,5904586793625947
2023-06-17;04:00:00;0,5907148539071293
2023-06-17;05:00:00;0,589544607418909
2023-06-17;06:00:00;0,5825098000079781
2023-06-17;07:00:00;0,5744149744137976
2023-06-17;08:00:00;0,5806750450289958
2023-06-17;09:00:00;0,5194107202929875
2023-06-17;10:00:00;0,5124252427367153
2023-06-17;11:00:00;0,502174582585037
2023-06-17;12:00:00;0,4968792699475375
2023-06-17;13:00:00;0,49606583061767673
2023-06-17;14:00:00;0,5086806492829179
2023-06-17;15:00:00;0,5375472404333063
2023-06-17;16:00:00;0,5291147690855127
2023-06-17;17:00:00;0,5095690969780262
2023-06-17;18:00:00;0,5062295306913486
2023-06-17;19:00:00;0,5434139241112392
2023-06-17;20:00:00;0,5619830513719462
2023-06-17;21:00:00;0,5715967099630465
2023-06-17;22:00:00;0,5731648296432239
2023-06-17;23:00:00;0,570744808175213
2023-06-18;00:00:00;0,561254277848296
2023-06-18;01:00:00;0,5635250602143628
2023-06-18;02:00:00;0,5695834216370858
2023-06-18;03:00:00;0,5618661693183116
2023-06-18;04:00:00;0,5626301518544541
2023-06-18;05:00:00;0,5631034224710361
2023-06-18;06:00:00;0,5516529640793026
2023-06-18;07:00:00;0,5452803252852396
2023-06-18;08:00:00;0,5496085071120943
2023-06-18;09:00:00;0,5836398770498578
2023-06-18;10:00:00;0,5751370207614237
2023-06-18;11:00:00;0,5550798601919442
2023-06-18;12:00:00;0,5570606069027736
2023-06-18;13:00:00;0,5446873359697777
2023-06-18;14:00:00;0,5502704736692179
2023-06-18;15:00:00;0,54954842351931
2023-06-18;16:00:00;0,5347152410188085
2023-06-18;17:00:00;0,555686363485303
2023-06-18;18:00:00;0,5523041767836874
2023-06-18;19:00:00;0,5534440874214873
2023-06-18;20:00:00;0,5697733183058995
2023-06-18;21:00:00;0,5793119917056818
2023-06-18;22:00:00;0,5795539732768574
2023-06-18;23:00:00;0,576896990195678
2023-06-19;00:00:00;0,5829646702166332
2023-06-19;01:00:00;0,6030142902362421
2023-06-19;02:00:00;0,6107554184254863
2023-06-19;03:00:00;0,5991636916093372
2023-06-19;04:00:00;0,5986246167410785
2023-06-19;05:00:00;0,598901047892014
2023-06-19;06:00:00;0,5061973231877549
2023-06-19;07:00:00;0,5051629561743058
2023-06-19;08:00:00;0,5609363968853097
2023-06-19;09:00:00;0,8703499961993446
2023-06-19;10:00:00;0,900521878203032
2023-06-19;11:00:00;0,9022143868321121
2023-06-19;12:00:00;0,9071329047362996
2023-06-19;13:00:00;0,8824967456633391
2023-06-19;14:00:00;0,8760668369821993
2023-06-19;15:00:00;0,8509913745290351
2023-06-19;16:00:00;0,719897280665124
2023-06-19;17:00:00;0,65061529487291
2023-06-19;18:00:00;0,6072125038351558
2023-06-19;19:00:00;0,6208673752879142
2023-06-19;20:00:00;0,5872413483772917
2023-06-19;21:00:00;0,5847523829468143
2023-06-19;22:00:00;0,5855429377590425
2023-06-19;23:00:00;0,5810829169146434
2023-06-20;00:00:00;0,5166114038599526
2023-06-20;01:00:00;0,5424861999606694
2023-06-20;02:00:00;0,5498107915584625
2023-06-20;03:00:00;0,549778708698112
2023-06-20;04:00:00;0,5511377026030227
2023-06-20;05:00:00;0,5510880943263672
2023-06-20;06:00:00;0,7667258766409767
2023-06-20;07:00:00;0,7650502818622339
2023-06-20;08:00:00;1,0134796851803392
2023-06-20;09:00:00;2,8197398539309053
2023-06-20;10:00:00;3,03530789125445
2023-06-20;11:00:00;3,0174673713909463
2023-06-20;12:00:00;3,0149259019873704
2023-06-20;13:00:00;2,938525200869469
2023-06-20;14:00:00;2,9017715423001587
2023-06-20;15:00:00;2,6972385608496556
2023-06-20;16:00:00;2,039253968961291
2023-06-20;17:00:00;1,6941148466818294
2023-06-20;18:00:00;1,55528638327138
2023-06-20;19:00:00;0,832612363113483
2023-06-20;20:00:00;0,6989615718566192
2023-06-20;21:00:00;0,6429227293035086
2023-06-20;22:00:00;0,6330276821486669
2023-06-20;23:00:00;0,626373160192882
2023-06-21;00:00:00;0,6467916854244989
2023-06-21;01:00:00;0,6615569815712131
2023-06-21;02:00:00;0,6668217160739526
2023-06-21;03:00:00;0,6722103441608739
2023-06-21;04:00:00;0,6765035459790402
2023-06-21;05:00:00;0,6815509136039667
2023-06-21;06:00:00;0,757386825121341
2023-06-21;07:00:00;0,7566140467279817
2023-06-21;08:00:00;0,9627044636090845
2023-06-21;09:00:00;2,7910913792535297
2023-06-21;10:00:00;3,0837442157838035
2023-06-21;11:00:00;3,0077725390930263
2023-06-21;12:00:00;2,990272880126397
2023-06-21;13:00:00;2,8373453733377128
2023-06-21;14:00:00;2,731371913888791
2023-06-21;15:00:00;2,406724796415341
2023-06-21;16:00:00;1,892176531039274
2023-06-21;17:00:00;1,574163923337678
2023-06-21;18:00:00;1,3511468552469017
2023-06-21;19:00:00;0,8377357833044325
2023-06-21;20:00:00;0,7279909191597917
2023-06-21;21:00:00;0,7140721407995634
2023-06-21;22:00:00;0,7175706234685568
2023-06-21;23:00:00;0,7122003322835149
2023-06-22;00:00:00;0,6218740948001539
2023-06-22;01:00:00;0,6345065622635333
2023-06-22;02:00:00;0,6443435283662272
2023-06-22;03:00:00;0,643555299562282
2023-06-22;04:00:00;0,6464201696531243
2023-06-22;05:00:00;0,6470575730998283
2023-06-22;06:00:00;0,6188157093313043
2023-06-22;07:00:00;0,6165806981049748
2023-06-22;08:00:00;0,8017668435163458
2023-06-22;09:00:00;2,1715517664719903
2023-06-22;10:00:00;2,334876985389701
2023-06-22;11:00:00;2,1043522064889513
2023-06-22;12:00:00;1,9830719202882083
2023-06-22;13:00:00;1,9059491224019376
2023-06-22;14:00:00;1,892846074933863
2023-06-22;15:00:00;1,8282806934428655
2023-06-22;16:00:00;1,3788858963557502
2023-06-22;17:00:00;1,0894785434599465
2023-06-22;18:00:00;1,0121878216816331
2023-06-22;19:00:00;0,7524418962773227
2023-06-22;20:00:00;0,7370733040868702
2023-06-22;21:00:00;0,7336344396962102
2023-06-22;22:00:00;0,725858058797973
2023-06-22;23:00:00;0,7209625400502122
2023-06-23;00:00:00;0,7531052357938952
2023-06-23;01:00:00;0,7588532574626031
2023-06-23;02:00:00;0,7766373724692173
2023-06-23;03:00:00;0,7787138604841907
2023-06-23;04:00:00;0,7767737891655908
2023-06-23;05:00:00;0,7757173044011892
2023-06-23;06:00:00;0,6661018873570556
2023-06-23;07:00:00;0,6626379825502514
2023-06-23;08:00:00;0,7590393656610256
2023-06-23;09:00:00;1,829212851814219
2023-06-23;10:00:00;1,9436535307870877
2023-06-23;11:00:00;1,7553302031230689
2023-06-23;12:00:00;1,661126683951207
2023-06-23;13:00:00;1,5748600727118127
2023-06-23;14:00:00;1,5763346611168434
2023-06-23;15:00:00;1,344834004253388
2023-06-23;16:00:00;0,9084955302208276
2023-06-23;17:00:00;0,6930563959352397
2023-06-23;18:00:00;0,6717445948929003
2023-06-23;19:00:00;0,6857628000611283
2023-06-23;20:00:00;0,7147238238503545
2023-06-23;21:00:00;0,7324022570464371
2023-06-23;22:00:00;0,7420025675680388
2023-06-23;23:00:00;0,7371206909580201
2023-06-24;00:00:00;0,7379952197529
2023-06-24;01:00:00;0,7418028871630499
2023-06-24;02:00:00;0,7494945655103848
2023-06-24;03:00:00;0,745323196718627
2023-06-24;04:00:00;0,745203010962568
2023-06-24;05:00:00;0,7438819011881842
2023-06-24;06:00:00;0,7405981256166876
2023-06-24;07:00:00;0,7343254278775695
2023-06-24;08:00:00;0,7402481145932275
2023-06-24;09:00:00;0,6591680310480226
2023-06-24;10:00:00;0,6524572710679034
2023-06-24;11:00:00;0,6400005337424094
2023-06-24;12:00:00;0,6354046243113015
2023-06-24;13:00:00;0,6335359831294229
2023-06-24;14:00:00;0,6428706110898835
2023-06-24;15:00:00;0,6437999522543318
2023-06-24;16:00:00;0,5917674932767508
2023-06-24;17:00:00;0,5884269938601401
2023-06-24;18:00:00;0,5887323989771227
2023-06-24;19:00:00;0,634543479767427
2023-06-24;20:00:00;0,6534235825325297
2023-06-24;21:00:00;0,6723725487678315
2023-06-24;22:00:00;0,686395785251105
2023-06-24;23:00:00;0,6851348986400461
2023-06-25;00:00:00;0,5486755415578066
2023-06-25;01:00:00;0,5519029892450384
2023-06-25;02:00:00;0,5589228007823739
2023-06-25;03:00:00;0,5539072849013585
2023-06-25;04:00:00;0,5549122654951708
2023-06-25;05:00:00;0,5524347892942914
2023-06-25;06:00:00;0,5333614526783713
2023-06-25;07:00:00;0,5254884797739418
2023-06-25;08:00:00;0,5300088016105292
2023-06-25;09:00:00;0,49590687451195503
2023-06-25;10:00:00;0,48977361428190386
2023-06-25;11:00:00;0,4722977307743932
2023-06-25;12:00:00;0,47200916063862186
2023-06-25;13:00:00;0,4641495417887726
2023-06-25;14:00:00;0,46699307348722047
2023-06-25;15:00:00;0,50269035190568
2023-06-25;16:00:00;0,5251591003079077
2023-06-25;17:00:00;0,5184004959265981
2023-06-25;18:00:00;0,5129604893679944
2023-06-25;19:00:00;0,5513892903665326
2023-06-25;20:00:00;0,5792704460216704
2023-06-25;21:00:00;0,5942073155900978
2023-06-25;22:00:00;0,5980815981838477
2023-06-25;23:00:00;0,5946006418284889
2023-06-26;00:00:00;0,42948881698441993
